[{"c0": {"fill-R": "34", "fill-Hex": "225823", "text": "Off", "text-style": "bold", "text-font": "Book Antigua", "filename": "", "fill-B": "35", "text-color": "FFFFFF", "fill-G": "88", "text-size": "24"}}, {"c1": {"fill-R": "190", "fill-Hex": "BE0032", "text": "RiskOn", "text-style": "bold", "text-font": "Book Antigua", "filename": "", "fill-B": "50", "text-color": "FFFFFF", "fill-G": "0", "text-size": "24"}}, {"c2": {"fill-R": "34", "fill-Hex": "222222", "text": "RiskOff", "text-style": "bold", "text-font": "Book Antigua", "filename": "", "fill-B": "34", "text-color": "FFFFFF", "fill-G": "34", "text-size": "24"}}, {"c3": {"fill-R": "243", "fill-Hex": "F38400", "text": "LowestEquity", "text-style": "bold", "text-font": "Book Antigua", "filename": "", "fill-B": "0", "text-color": "000000", "fill-G": "132", "text-size": "24"}}, {"c4": {"fill-R": "255", "fill-Hex": "FFFF00", "text": "HighestEquity", "text-style": "bold", "text-font": "Book Antigua", "filename": "", "fill-B": "0", "text-color": "000000", "fill-G": "255", "text-size": "24"}}, {"c5": {"fill-R": "161", "fill-Hex": "A1CAF1", "text": "AntiHighestEquity", "text-style": "bold", "text-font": "Book Antigua", "filename": "", "fill-B": "241", "text-color": "000000", "fill-G": "202", "text-size": "24"}}, {"c6": {"fill-R": "194", "fill-Hex": "C2B280", "text": "Anti50/50", "text-style": "bold", "text-font": "Book Antigua", "filename": "", "fill-B": "128", "text-color": "000000", "fill-G": "178", "text-size": "24"}}, {"c7": {"fill-R": "230", "fill-Hex": "E68FAC", "text": "Seasonality", "text-style": "bold", "text-font": "Book Antigua", "filename": "", "fill-B": "172", "text-color": "000000", "fill-G": "143", "text-size": "24"}}, {"c8": {"fill-R": "249", "fill-Hex": "F99379", "text": "Anti-Seasonality", "text-style": "bold", "text-font": "Book Antigua", "filename": "", "fill-B": "121", "text-color": "000000", "fill-G": "147", "text-size": "24"}}, {"c9": {"fill-R": "101", "fill-Hex": "654522", "text": "Previous", "text-style": "bold", "text-font": "Book Antigua", "filename": "", "fill-B": "34", "text-color": "FFFFFF", "fill-G": "69", "text-size": "24"}}, {"c10": {"fill-R": "242", "fill-Hex": "F2F3F4", "text": "None", "text-style": "bold", "text-font": "Book Antigua", "filename": "", "fill-B": "244", "text-color": "FFFFFF", "fill-G": "243", "text-size": "24"}}, {"c11": {"fill-R": "0", "fill-Hex": "008856", "text": "Anti-Previous", "text-style": "bold", "text-font": "Book Antigua", "filename": "", "fill-B": "86", "text-color": "FFFFFF", "fill-G": "136", "text-size": "24"}}, {"c12": {"fill-R": "242", "fill-Hex": "F2F3F4", "text": "None", "text-style": "bold", "text-font": "Book Antigua", "filename": "", "fill-B": "244", "text-color": "FFFFFF", "fill-G": "243", "text-size": "24"}}, {"c13": {"fill-R": "242", "fill-Hex": "F2F3F4", "text": "None", "text-style": "bold", "text-font": "Book Antigua", "filename": "", "fill-B": "244", "text-color": "FFFFFF", "fill-G": "243", "text-size": "24"}}, {"c14": {"fill-R": "242", "fill-Hex": "F2F3F4", "text": "None", "text-style": "bold", "text-font": "Book Antigua", "filename": "", "fill-B": "244", "text-color": "FFFFFF", "fill-G": "243", "text-size": "24"}}, {"b_clear_all": {"fill-R": "255", "fill-Hex": "FFFFFF", "text": "Clear All Bets", "text-style": "bold", "text-font": "Book Antigua", "filename": "", "fill-B": "255", "text-color": "000000", "fill-G": "255", "text-size": "18"}}, {"b_create_new": {"fill-R": "255", "fill-Hex": "FFFFFF", "text": "Create New Board", "text-style": "bold", "text-font": "Book Antigua", "filename": "", "fill-B": "255", "text-color": "000000", "fill-G": "255", "text-size": "18"}}, {"b_confirm_orders": {"fill-R": "51", "fill-Hex": "33CC00", "text": "Save Orders", "text-style": "bold", "text-font": "Book Antigua", "filename": "", "fill-B": "0", "text-color": "000000", "fill-G": "204", "text-size": "18"}}, {"b_order_ok": {"fill-R": "41", "fill-Hex": "29ABE2", "text": "Enter Orders", "text-style": "normal", "text-font": "Book Antigua", "filename": "", "fill-B": "226", "text-color": "000000", "fill-G": "171", "text-size": "18"}}, {"b_order_cancel": {"fill-R": "255", "fill-Hex": "FFFFFF", "text": "Cancel", "text-style": "normal", "text-font": "Book Antigua", "filename": "", "fill-B": "255", "text-color": "000000", "fill-G": "255", "text-size": "18"}}, {"b_order_active": {"fill-R": "51", "fill-Hex": "33CC00", "text": "", "text-style": "normal", "text-font": "Book Antigua", "filename": "", "fill-B": "0", "text-color": "000000", "fill-G": "204", "text-size": "18"}}, {"b_order_inactive": {"fill-R": "255", "fill-Hex": "FFFFFF", "text": "", "text-style": "normal", "text-font": "Book Antigua", "filename": "", "fill-B": "255", "text-color": "000000", "fill-G": "255", "text-size": "18"}}, {"b_save_ok": {"fill-R": "41", "fill-Hex": "29ABE2", "text": "Place Immediate Orders Now", "text-style": "normal", "text-font": "Book Antigua", "filename": "", "fill-B": "226", "text-color": "000000", "fill-G": "171", "text-size": "18"}}, {"b_save_cancel": {"fill-R": "255", "fill-Hex": "FFFFFF", "text": "OK/Change Immediate Orders", "text-style": "normal", "text-font": "Book Antigua", "filename": "", "fill-B": "255", "text-color": "000000", "fill-G": "255", "text-size": "18"}}, {"d_order_dialog": {"fill-R": "255", "fill-Hex": "FFFFFF", "text": "<b>MOC:</b> Market-On-Close Order. New signals are generated at the close of the market will be placed as Market Orders before the close.<br><b>Immediate:</b> Immediate uses signals generated as of the last Market Close.  If the market is closed, order will be placed as Market-On-Open orders. Otherwise, it will be placed as Market Orders. At the next trigger time, new signals will be placed as MOC orders.", "text-style": "normal", "text-font": "Book Antigua", "filename": "", "fill-B": "255", "text-color": "000000", "fill-G": "255", "text-size": "18"}}, {"d_save_dialog": {"fill-R": "255", "fill-Hex": "FFFFFF", "text": "<center><b>Orders successfully saved.</b><br></center> MOC orders will be placed at the trigger times. If you have entered any immediate orders you may place them now or you may cancel and save different orders.  After the page is refreshed you can check order status to see if the orders were placed.", "text-style": "normal", "text-font": "Book Antigua", "filename": "", "fill-B": "255", "text-color": "000000", "fill-G": "255", "text-size": "18"}}, {"text_table": {"fill-R": "", "fill-Hex": "", "text": "", "text-style": "normal", "text-font": "Book Antigua", "filename": "", "fill-B": "", "text-color": "000000", "fill-G": "", "text-size": "16"}}, {"text_table_title": {"fill-R": "", "fill-Hex": "", "text": "", "text-style": "bold", "text-font": "Book Antigua", "filename": "", "fill-B": "", "text-color": "000000", "fill-G": "", "text-size": "18"}}, {"text_datetimenow": {"fill-R": "", "fill-Hex": "", "text": "", "text-style": "bold", "text-font": "Book Antigua", "filename": "", "fill-B": "", "text-color": "000000", "fill-G": "", "text-size": "18"}}, {"text_triggertimes": {"fill-R": "", "fill-Hex": "", "text": "", "text-style": "bold", "text-font": "Book Antigua", "filename": "", "fill-B": "", "text-color": "000000", "fill-G": "", "text-size": "18"}}, {"text_performance": {"fill-R": "", "fill-Hex": "", "text": "", "text-style": "bold", "text-font": "Book Antigua", "filename": "", "fill-B": "", "text-color": "000000", "fill-G": "", "text-size": "18"}}, {"text_performance_account": {"fill-R": "", "fill-Hex": "", "text": "", "text-style": "bold", "text-font": "Book Antigua", "filename": "", "fill-B": "", "text-color": "000000", "fill-G": "", "text-size": "18"}}, {"chip_v4micro": {"fill-R": "", "fill-Hex": "", "text": "46K", "text-style": "", "text-font": "", "filename": "chip_maroon.png", "fill-B": "", "text-color": "000000", "fill-G": "", "text-size": ""}}, {"chip_v4mini": {"fill-R": "", "fill-Hex": "", "text": "111K", "text-style": "", "text-font": "", "filename": "chip_purple.png", "fill-B": "", "text-color": "000000", "fill-G": "", "text-size": ""}}, {"chip_v4futures": {"fill-R": "", "fill-Hex": "", "text": "212K", "text-style": "", "text-font": "", "filename": "chip_orange.png", "fill-B": "", "text-color": "000000", "fill-G": "", "text-size": ""}}, {"1": {"fill-R": "229", "fill-Hex": "E59A86", "text": "1", "text-style": "bold", "text-font": "Book Antigua", "filename": "", "fill-B": "134", "text-color": "000000", "fill-G": "154", "text-size": "24"}}, {"2": {"fill-R": "168", "fill-Hex": "A87F5F", "text": "2", "text-style": "bold", "text-font": "Book Antigua", "filename": "", "fill-B": "95", "text-color": "000000", "fill-G": "127", "text-size": "24"}}, {"3": {"fill-R": "194", "fill-Hex": "C26F52", "text": "3", "text-style": "bold", "text-font": "Book Antigua", "filename": "", "fill-B": "82", "text-color": "000000", "fill-G": "111", "text-size": "24"}}, {"4": {"fill-R": "190", "fill-Hex": "BEA382", "text": "4", "text-style": "bold", "text-font": "Book Antigua", "filename": "", "fill-B": "130", "text-color": "000000", "fill-G": "163", "text-size": "24"}}, {"5": {"fill-R": "129", "fill-Hex": "81885B", "text": "5", "text-style": "bold", "text-font": "Book Antigua", "filename": "", "fill-B": "91", "text-color": "000000", "fill-G": "136", "text-size": "24"}}, {"6": {"fill-R": "155", "fill-Hex": "9B774E", "text": "6", "text-style": "bold", "text-font": "Book Antigua", "filename": "", "fill-B": "78", "text-color": "000000", "fill-G": "119", "text-size": "24"}}, {"7": {"fill-R": "232", "fill-Hex": "E8B986", "text": "7", "text-style": "bold", "text-font": "Book Antigua", "filename": "", "fill-B": "134", "text-color": "000000", "fill-G": "185", "text-size": "24"}}, {"8": {"fill-R": "171", "fill-Hex": "AB9E5F", "text": "8", "text-style": "bold", "text-font": "Book Antigua", "filename": "", "fill-B": "95", "text-color": "000000", "fill-G": "158", "text-size": "24"}}, {"9": {"fill-R": "197", "fill-Hex": "C58D52", "text": "9", "text-style": "bold", "text-font": "Book Antigua", "filename": "", "fill-B": "82", "text-color": "000000", "fill-G": "141", "text-size": "24"}}, {"10": {"fill-R": "193", "fill-Hex": "C1C182", "text": "10", "text-style": "bold", "text-font": "Book Antigua", "filename": "", "fill-B": "130", "text-color": "000000", "fill-G": "193", "text-size": "24"}}, {"11": {"fill-R": "132", "fill-Hex": "84A75B", "text": "11", "text-style": "bold", "text-font": "Book Antigua", "filename": "", "fill-B": "91", "text-color": "000000", "fill-G": "167", "text-size": "24"}}, {"12": {"fill-R": "158", "fill-Hex": "9E964E", "text": "12", "text-style": "bold", "text-font": "Book Antigua", "filename": "", "fill-B": "78", "text-color": "000000", "fill-G": "150", "text-size": "24"}}, {"13": {"fill-R": "208", "fill-Hex": "D0ACC2", "text": "13", "text-style": "bold", "text-font": "Book Antigua", "filename": "", "fill-B": "194", "text-color": "000000", "fill-G": "172", "text-size": "24"}}, {"14": {"fill-R": "148", "fill-Hex": "94919B", "text": "14", "text-style": "bold", "text-font": "Book Antigua", "filename": "", "fill-B": "155", "text-color": "000000", "fill-G": "145", "text-size": "24"}}, {"15": {"fill-R": "173", "fill-Hex": "AD808E", "text": "15", "text-style": "bold", "text-font": "Book Antigua", "filename": "", "fill-B": "142", "text-color": "000000", "fill-G": "128", "text-size": "24"}}, {"16": {"fill-R": "169", "fill-Hex": "A9B4BE", "text": "16", "text-style": "bold", "text-font": "Book Antigua", "filename": "", "fill-B": "190", "text-color": "000000", "fill-G": "180", "text-size": "24"}}, {"17": {"fill-R": "109", "fill-Hex": "6D9997", "text": "17", "text-style": "bold", "text-font": "Book Antigua", "filename": "", "fill-B": "151", "text-color": "000000", "fill-G": "153", "text-size": "24"}}, {"18": {"fill-R": "134", "fill-Hex": "86898A", "text": "18", "text-style": "bold", "text-font": "Book Antigua", "filename": "", "fill-B": "138", "text-color": "000000", "fill-G": "137", "text-size": "24"}}, {"19": {"fill-R": "217", "fill-Hex": "D9A6A6", "text": "19", "text-style": "bold", "text-font": "Book Antigua", "filename": "", "fill-B": "166", "text-color": "000000", "fill-G": "166", "text-size": "24"}}, {"20": {"fill-R": "156", "fill-Hex": "9C8B7F", "text": "20", "text-style": "bold", "text-font": "Book Antigua", "filename": "", "fill-B": "127", "text-color": "000000", "fill-G": "139", "text-size": "24"}}, {"21": {"fill-R": "181", "fill-Hex": "B57A72", "text": "21", "text-style": "bold", "text-font": "Book Antigua", "filename": "", "fill-B": "114", "text-color": "000000", "fill-G": "122", "text-size": "24"}}, {"22": {"fill-R": "178", "fill-Hex": "B2AEA2", "text": "22", "text-style": "bold", "text-font": "Book Antigua", "filename": "", "fill-B": "162", "text-color": "000000", "fill-G": "174", "text-size": "24"}}, {"23": {"fill-R": "117", "fill-Hex": "75937B", "text": "23", "text-style": "bold", "text-font": "Book Antigua", "filename": "", "fill-B": "123", "text-color": "000000", "fill-G": "147", "text-size": "24"}}, {"24": {"fill-R": "142", "fill-Hex": "8E836E", "text": "24", "text-style": "bold", "text-font": "Book Antigua", "filename": "", "fill-B": "110", "text-color": "000000", "fill-G": "131", "text-size": "24"}}, {"25": {"fill-R": "226", "fill-Hex": "E29DB1", "text": "25", "text-style": "bold", "text-font": "Book Antigua", "filename": "", "fill-B": "177", "text-color": "000000", "fill-G": "157", "text-size": "24"}}, {"26": {"fill-R": "165", "fill-Hex": "A5828A", "text": "26", "text-style": "bold", "text-font": "Book Antigua", "filename": "", "fill-B": "138", "text-color": "000000", "fill-G": "130", "text-size": "24"}}, {"27": {"fill-R": "190", "fill-Hex": "BE717D", "text": "27", "text-style": "bold", "text-font": "Book Antigua", "filename": "", "fill-B": "125", "text-color": "000000", "fill-G": "113", "text-size": "24"}}, {"28": {"fill-R": "187", "fill-Hex": "BBA5AD", "text": "28", "text-style": "bold", "text-font": "Book Antigua", "filename": "", "fill-B": "173", "text-color": "000000", "fill-G": "165", "text-size": "24"}}, {"29": {"fill-R": "126", "fill-Hex": "7E8B86", "text": "29", "text-style": "bold", "text-font": "Book Antigua", "filename": "", "fill-B": "134", "text-color": "000000", "fill-G": "139", "text-size": "24"}}, {"30": {"fill-R": "151", "fill-Hex": "977A79", "text": "30", "text-style": "bold", "text-font": "Book Antigua", "filename": "", "fill-B": "121", "text-color": "000000", "fill-G": "122", "text-size": "24"}}, {"31": {"fill-R": "230", "fill-Hex": "E69EA4", "text": "31", "text-style": "bold", "text-font": "Book Antigua", "filename": "", "fill-B": "164", "text-color": "000000", "fill-G": "158", "text-size": "24"}}, {"32": {"fill-R": "170", "fill-Hex": "AA837D", "text": "32", "text-style": "bold", "text-font": "Book Antigua", "filename": "", "fill-B": "125", "text-color": "000000", "fill-G": "131", "text-size": "24"}}, {"33": {"fill-R": "195", "fill-Hex": "C37270", "text": "33", "text-style": "bold", "text-font": "Book Antigua", "filename": "", "fill-B": "112", "text-color": "000000", "fill-G": "114", "text-size": "24"}}, {"34": {"fill-R": "191", "fill-Hex": "BFA6A0", "text": "34", "text-style": "bold", "text-font": "Book Antigua", "filename": "", "fill-B": "160", "text-color": "000000", "fill-G": "166", "text-size": "24"}}, {"35": {"fill-R": "131", "fill-Hex": "838C79", "text": "35", "text-style": "bold", "text-font": "Book Antigua", "filename": "", "fill-B": "121", "text-color": "000000", "fill-G": "140", "text-size": "24"}}, {"36": {"fill-R": "156", "fill-Hex": "9C7B6C", "text": "36", "text-style": "bold", "text-font": "Book Antigua", "filename": "", "fill-B": "108", "text-color": "000000", "fill-G": "123", "text-size": "24"}}]