[{"background": {"fill-Hex": "F2F3F4", "text-color": "", "text-size": "", "fill-G": "243", "fill-R": "242", "text": "", "text-style": "", "text-font": "", "filename": "", "fill-B": "244"}}, {"c0": {"fill-Hex": "FFFFFF", "text-color": "000000", "text-size": "24", "fill-G": "255", "fill-R": "255", "text": "Off", "text-style": "bold", "text-font": "Book Antigua", "filename": "", "fill-B": "255"}}, {"cNone": {"fill-Hex": "FFFFFF", "text-color": "FFFFFF", "text-size": "24", "fill-G": "255", "fill-R": "255", "text": "", "text-style": "bold", "text-font": "Book Antigua", "filename": "", "fill-B": "255"}}, {"b_auto_select": {"fill-Hex": "FFFFFF", "text-color": "000000", "text-size": "18", "fill-G": "255", "fill-R": "255", "text": "Auto-Select", "text-style": "bold", "text-font": "Book Antigua", "filename": "", "fill-B": "255"}}, {"b_reset_colors": {"fill-Hex": "FFFFFF", "text-color": "000000", "text-size": "18", "fill-G": "255", "fill-R": "255", "text": "Reset", "text-style": "bold", "text-font": "Book Antigua", "filename": "", "fill-B": "255"}}, {"b_save_colors": {"fill-Hex": "33CC00", "text-color": "000000", "text-size": "18", "fill-G": "204", "fill-R": "51", "text": "Save Colors", "text-style": "bold", "text-font": "Book Antigua", "filename": "", "fill-B": "0"}}, {"b_reset_board": {"fill-Hex": "FFFFFF", "text-color": "000000", "text-size": "18", "fill-G": "255", "fill-R": "255", "text": "Reset", "text-style": "bold", "text-font": "Book Antigua", "filename": "", "fill-B": "255"}}, {"b_save_board": {"fill-Hex": "33CC00", "text-color": "000000", "text-size": "18", "fill-G": "204", "fill-R": "51", "text": "Save Colors", "text-style": "bold", "text-font": "Book Antigua", "filename": "", "fill-B": "0"}}, {"text_components": {"fill-Hex": "", "text-color": "000000", "text-size": "18", "fill-G": "", "fill-R": "", "text": "", "text-style": "normal", "text-font": "Book Antigua", "filename": "", "fill-B": ""}}, {"text_choose_colors": {"fill-Hex": "", "text-color": "000000", "text-size": "18", "fill-G": "", "fill-R": "", "text": "<b>Step 1</b> <br>Click on the component box to choose the colors for the components you want to use. Once you are done click the save button. If you do not want to choose custom colors, click Auto-Select and save.", "text-style": "bold", "text-font": "Book Antigua", "filename": "", "fill-B": ""}}, {"text_place_components": {"fill-Hex": "", "text-color": "000000", "text-size": "18", "fill-G": "", "fill-R": "", "text": "<b>Step 2</b> <br>Drag and drop components to blank boxes below. You may leave boxes blank.", "text-style": "bold", "text-font": "Book Antigua", "filename": "", "fill-B": ""}}, {"d_save_color_error": {"fill-Hex": "", "text-color": "000000", "text-size": "18", "fill-G": "", "fill-R": "", "text": "Please color \"Off\" component and at least one other component.", "text-style": "bold", "text-font": "Book Antigua", "filename": "", "fill-B": ""}}, {"d_save_board_error": {"fill-Hex": "", "text-color": "000000", "text-size": "18", "fill-G": "", "fill-R": "", "text": "Please place at least one component in one of the blank boxes.", "text-style": "bold", "text-font": "Book Antigua", "filename": "", "fill-B": ""}}, {"list_autoselect": [{"fill-R": "190", "text-color": "", "fill-Hex": "BE0032", "fill-G": "0", "fill-B": "50", "text-size": "", "text-style": "", "text-font": "", "fill-colorname": "red"}, {"fill-R": "34", "text-color": "", "fill-Hex": "222222", "fill-G": "34", "fill-B": "34", "text-size": "", "text-style": "", "text-font": "", "fill-colorname": "black"}, {"fill-R": "79", "text-color": "", "fill-Hex": "4FF773", "fill-G": "247", "fill-B": "115", "text-size": "", "text-style": "", "text-font": "", "fill-colorname": "lime"}, {"fill-R": "255", "text-color": "", "fill-Hex": "FFFF00", "fill-G": "255", "fill-B": "0", "text-size": "", "text-style": "", "text-font": "", "fill-colorname": "yellow"}, {"fill-R": "161", "text-color": "", "fill-Hex": "A1CAF1", "fill-G": "202", "fill-B": "241", "text-size": "", "text-style": "", "text-font": "", "fill-colorname": "lightblue"}, {"fill-R": "194", "text-color": "", "fill-Hex": "C2B280", "fill-G": "178", "fill-B": "128", "text-size": "", "text-style": "", "text-font": "", "fill-colorname": "buff"}, {"fill-R": "230", "text-color": "", "fill-Hex": "E68FAC", "fill-G": "143", "fill-B": "172", "text-size": "", "text-style": "", "text-font": "", "fill-colorname": "purplishpink"}, {"fill-R": "249", "text-color": "", "fill-Hex": "F99379", "fill-G": "147", "fill-B": "121", "text-size": "", "text-style": "", "text-font": "", "fill-colorname": "yellowishpink"}, {"fill-R": "243", "text-color": "", "fill-Hex": "F38400", "fill-G": "132", "fill-B": "0", "text-size": "", "text-style": "", "text-font": "", "fill-colorname": "orange"}, {"fill-R": "132", "text-color": "", "fill-Hex": "848482", "fill-G": "132", "fill-B": "130", "text-size": "", "text-style": "", "text-font": "", "fill-colorname": "grey"}, {"fill-R": "0", "text-color": "", "fill-Hex": "008856", "fill-G": "136", "fill-B": "86", "text-size": "", "text-style": "", "text-font": "", "fill-colorname": "green"}, {"fill-R": "0", "text-color": "", "fill-Hex": "0067A5", "fill-G": "103", "fill-B": "165", "text-size": "", "text-style": "", "text-font": "", "fill-colorname": "blue"}, {"fill-R": "96", "text-color": "", "fill-Hex": "604E97", "fill-G": "78", "fill-B": "151", "text-size": "", "text-style": "", "text-font": "", "fill-colorname": "violet"}, {"fill-R": "179", "text-color": "", "fill-Hex": "B3446C", "fill-G": "68", "fill-B": "108", "text-size": "", "text-style": "", "text-font": "", "fill-colorname": "purplishred"}, {"fill-R": "101", "text-color": "", "fill-Hex": "654522", "fill-G": "69", "fill-B": "34", "text-size": "", "text-style": "", "text-font": "", "fill-colorname": "yellowishbrown"}, {"fill-R": "235", "text-color": "", "fill-Hex": "EA2819", "fill-G": "40", "fill-B": "25", "text-size": "", "text-style": "", "text-font": "", "fill-colorname": "reddishorange"}]}]