dates,CAR25,dd95,ddTol,dpsCommission,dpsNetEquity,dpsNetPNL,dpsRunName,dpsSafef,gainAhead,is_period,netEquity,netPNL,nodpsComm,nodpsSafef,signalType,signals,v4.4_system,safef,mrThreshold,timestamp
2016-06-29,-0.000588461681561,0.0,0.00114208048144,2.0,95796.41,-31.1,both_zigZag_VotingSoft DPS wl1.5 maxL2 dd95_0.001 thres_0.0,1.0,-0.0255125284738,wf_is_pv3s_v2v,97175.87,-14.76,0.0,1.0,zigZag_VotingSoft,1.0,zigZag_VotingSoft_f96_is25,1.0,,
2016-06-30,-0.00591830753208,0.0,0.00131876094679,3.73409605449,93348.67,-2447.74,both_zigZag_VotingSoft DPS wl2.0 maxL2 dd95_0.001 thres_0.0,1.0,0.0,wf_is_pv3s_v2v,94692.88,-2482.99,3.78786671399,1.0,zigZag_VotingSoft,-1.0,zigZag_VotingSoft_f96_is25,1.0,0.5,20160701 00:02:03 EDT
2016-07-01 00:00:00,-0.00721593440581,0.0,0.00263752189358,3.93509231417,98373.37,-1277.33,both_zigZag_VotingSoft DPS wl8.0 maxL2 dd95_0.003 thres_0.0,1.0,0.0,wf_is_pv2e_p2p,98390.28,-1277.55,3.9357687583,1.0,zigZag_VotingSoft,1.0,zigZag_VotingSoft_f97_is27,1.0,0.5,20160701 20:35:40 EDT
2016-07-01 00:00:00,-0.00626889225342,0.0,0.00263752189358,3.93509231417,98373.37,-1277.33,both_zigZag_VotingSoft DPS wl8.0 maxL2 dd95_0.003 thres_0.0,1.0,0.0,wf_is_pv2e_p2p,98390.28,-1277.55,3.9357687583,1.0,zigZag_VotingSoft,1.0,zigZag_VotingSoft_f97_is27,1.0,0.5,20160704 20:35:08 EDT
2016-07-05 00:00:00,-0.00222298727741,0.0,0.00279751442472,0.0,96506.79,325.59,both_zigZag_VotingSoft DPS wl9.0 maxL2 dd95_0.003 thres_0.0,1.0,0.0,wf_is_pv2e_p2p,96504.85,325.58,0.0,1.0,zigZag_VotingSoft,1.0,zigZag_VotingSoft_f97_is27,1.0,0.5,20160705 20:15:39 EDT
2016-07-05 00:00:00,-0.00199185391253,0.0,0.00279751442472,0.0,96506.79,325.59,both_zigZag_VotingSoft DPS wl9.0 maxL2 dd95_0.003 thres_0.0,1.0,0.0,wf_is_pv2e_p2p,96504.85,325.58,0.0,1.0,zigZag_VotingSoft,1.0,zigZag_VotingSoft_f97_is27,1.0,0.5,20160705 22:53:09 EDT
2016-07-06 00:00:00,-0.00131281821072,0.0,0.00186500961648,3.86559937862,96636.12,129.33,both_zigZag_VotingSoft DPS wl4.0 maxL2 dd95_0.002 thres_0.0,1.0,0.0,wf_is_pv2e_p2p,96634.18,129.33,3.86552167152,1.0,zigZag_VotingSoft,-1.0,zigZag_VotingSoft_f97_is27,1.0,0.5,20160706 21:00:53 EDT
2016-07-07 00:00:00,-0.00593613654906,0.0,0.00208514414057,0.0,96417.99,-221.99,both_zigZag_VotingSoft DPS wl5.0 maxL2 dd95_0.002 thres_0.0,1.0,0.0,wf_is_pv3s_v2v,96416.05,-221.99,0.0,1.0,zigZag_VotingSoft,1.0,zigZag_VotingSoft_f96_is25,1.0,0.5,20160707 21:33:25 EDT
2016-07-08 00:00:00,-0.00799092727612,0.0,0.00228416096288,3.89175402566,97289.96,-999.61,both_gainAhead_PCA10_VotingSoft DPS wl6.0 maxL2 dd95_0.002 thres_0.0,1.0,0.0,wf_is_pv2e_p2p,97288.0,-999.59,3.891675628,1.0,gainAhead_PCA10_VotingSoft,1.0,gainAhead_PCA10_f10_is27,1.0,0.5,20160708 20:30:07 EDT
2016-07-11 00:00:00,-0.00234519488369,0.0,0.00208514414057,0.0,94562.18,-2918.04,both_sellHold DPS wl5.0 maxL2 dd95_0.002 thres_0.0,1.0,0.0,wf_is_pv2e_p2p,94560.3,-2917.98,0.0,1.0,sellHold,-1.0,sellHold,1.0,0.5,20160711 20:37:19 EDT
2016-07-12 00:00:00,-0.00751171964217,0.0,0.00228416096288,0.0,90376.78,-4185.4,both_sellHold DPS wl6.0 maxL2 dd95_0.002 thres_0.0,1.0,0.0,wf_is_pv2e_p2p,90374.98,-4185.32,0.0,1.0,sellHold,-1.0,sellHold,1.0,0.5,20160712 20:46:19 EDT
2016-07-13 00:00:00,-0.00997362765072,0.0,0.00246717581898,0.0,87350.6,-3026.18,both_sellHold DPS wl7.0 maxL2 dd95_0.002 thres_0.0,1.0,0.0,wf_is_pv2e_p2p,87348.86,-3026.12,0.0,1.0,sellHold,-1.0,sellHold,1.0,0.5,20160713 21:11:44 EDT
2016-07-14 00:00:00,-0.00962907147906,0.0,0.00263752189358,0.0,86490.83,-859.77,both_sellHold DPS wl8.0 maxL2 dd95_0.003 thres_0.0,1.0,0.0,wf_is_pv2e_p2p,86489.1,-859.76,0.0,1.0,sellHold,-1.0,sellHold,1.0,0.5,20160714 20:30:43 EDT
2016-07-15 00:00:00,-0.0112448645639,0.0,0.00279751442472,0.0,86010.78,-480.05,both_sellHold DPS wl9.0 maxL2 dd95_0.003 thres_0.0,1.0,0.0,wf_is_pv2e_p2p,86009.06,-480.04,0.0,1.0,sellHold,-1.0,sellHold,1.0,0.5,20160715 21:03:02 EDT
2016-07-18 00:00:00,-0.00368012080253,0.0,0.0029488391231,3.45571582973,86389.44,378.66,both_gainAhead_PCA10_VotingSoft DPS wl10.0 maxL2 dd95_0.003 thres_0.0,1.0,0.0,wf_is_pv3s_v2v,86387.71,378.65,3.45564672407,1.0,gainAhead_PCA10_VotingSoft,1.0,gainAhead_PCA10_f10_is25,1.0,0.5,20160718 21:15:33 EDT
2016-07-19 00:00:00,-0.00899837582133,0.0,0.00309276856414,3.91960872092,97986.3,-913.34,both_gainAhead_PCA10_VotingSoft DPS wl11.0 maxL2 dd95_0.003 thres_0.0,1.0,0.0,wf_is_pv3s_v2v,97984.35,-913.32,3.91953064552,1.0,gainAhead_PCA10_VotingSoft,-1.0,gainAhead_PCA10_f10_is25,1.0,0.5,20160719 20:32:06 EDT
2016-07-20 00:00:00,-0.0103820422777,0.0,0.00323029141235,3.91226695401,97802.76,-1247.62,both_zigZag_VotingSoft DPS wl12.0 maxL2 dd95_0.003 thres_0.0,1.0,0.0,wf_is_pv2e_p2p,97800.81,-1247.59,3.91218874846,1.0,zigZag_VotingSoft,-1.0,zigZag_VotingSoft_f97_is27,1.0,0.5,20160720 20:28:53 EDT
2016-07-21 00:00:00,-0.00630437934076,0.0,0.00161514570617,3.86252735088,96559.32,-838.51,both_zigZag_VotingSoft DPS wl3.0 maxL2 dd95_0.002 thres_0.0,1.0,0.0,wf_is_pv2e_p2p,96557.38,-838.49,3.86244962272,1.0,zigZag_VotingSoft,1.0,zigZag_VotingSoft_f97_is27,1.0,0.5,20160721 21:08:06 EDT
2016-07-22 00:00:00,-0.00660076501634,0.0,0.00186500961648,0.0,96175.57,-383.75,both_zigZag_VotingSoft DPS wl4.0 maxL2 dd95_0.002 thres_0.0,1.0,0.0,wf_is_pv2e_p2p,96173.64,-383.74,0.0,1.0,zigZag_VotingSoft,1.0,zigZag_VotingSoft_f97_is27,1.0,0.5,20160722 21:40:31 EDT
2016-07-25 00:00:00,-0.00267956965292,0.0,0.00208514414057,3.82637972223,95655.67,-519.9,both_zigZag_VotingSoft DPS wl5.0 maxL2 dd95_0.002 thres_0.0,1.0,0.0,wf_is_pv2e_p2p,95653.75,-519.89,3.82630293649,1.0,zigZag_VotingSoft,-1.0,zigZag_VotingSoft_f97_is27,1.0,0.5,20160725 21:09:42 EDT
2016-07-26 00:00:00,-0.00581937759675,0.0,0.00131876094679,3.73836490364,93455.38,-2200.29,both_zigZag_VotingSoft DPS wl2.0 maxL2 dd95_0.001 thres_0.0,1.0,0.0,wf_is_pv3s_v2v,93453.51,-2200.24,3.7382898672,1.0,zigZag_VotingSoft,1.0,zigZag_VotingSoft_f89_is12,1.0,0.5,20160726 21:05:49 EDT
2016-07-27 00:00:00,-0.015204694626,0.0,0.00114208048144,0.0,92949.87,-505.51,both_zigZag_VotingSoft DPS wl1.5 maxL2 dd95_0.001 thres_0.0,1.0,0.0,wf_is_pv3s_v2v,92948.01,-505.5,0.0,1.0,zigZag_VotingSoft,1.0,zigZag_VotingSoft_f89_is12,1.0,0.5,20160727 21:52:05 EDT
2016-07-28 00:00:00,-0.00573087574761,0.0,0.00131876094679,0.0,92305.35,-644.52,both_zigZag_VotingSoft DPS wl2.0 maxL2 dd95_0.001 thres_0.0,1.0,0.0,wf_is_pv3s_v2v,92303.5,-644.51,0.0,1.0,zigZag_VotingSoft,1.0,zigZag_VotingSoft_f89_is12,1.0,0.5,20160728 20:53:48 EDT
2016-07-29 00:00:00,-0.00695917795521,0.0,0.00161514570617,2.0,95158.14,-2681.06,both_gainAhead_PCA10_GNBayes DPS wl3.0 maxL2 dd95_0.002 thres_0.0,1.0,0.0,wf_is_short,96499.71,-1339.53,0.0,1.0,gainAhead_PCA10_GNBayes,-1.0,gainAhead_PCA10_f10_is20,1.0,0.5,20160729 23:45:31 EDT
2016-08-01 00:00:00,-0.00192356208054,0.0,0.00186500961648,0.0,94721.16,-436.98,both_gainAhead_PCA10_GNBayes DPS wl4.0 maxL2 dd95_0.002 thres_0.0,1.0,0.0,wf_is_short,96056.57,-443.14,0.0,1.0,gainAhead_PCA10_GNBayes,-1.0,gainAhead_PCA10_f10_is21,1.0,0.5,20160801 20:37:27 EDT
2016-08-02 00:00:00,-0.00537236555173,0.0,0.00208514414057,0.0,95230.55,509.39,both_gainAhead_PCA10_GNBayes DPS wl5.0 maxL2 dd95_0.002 thres_0.0,1.0,0.0,wf_is_short,96573.14,516.57,0.0,1.0,gainAhead_PCA10_GNBayes,-1.0,gainAhead_PCA10_f10_is22,1.0,0.5,20160802 21:19:12 EDT
2016-08-03 00:00:00,-0.0234767568245,0.0,0.00161514570617,0.0,94831.5,-399.05,both_gainAhead_PCA10_GNBayes DPS wl3.0 maxL2 dd95_0.002 thres_0.0,1.0,0.0,wf_is_short,96168.47,-404.67,0.0,1.0,gainAhead_PCA10_GNBayes,-1.0,gainAhead_PCA10_f10_is7,1.0,0.5,20160803 22:51:23 EDT
2016-08-04 00:00:00,-0.0087069171319,0.0,0.00246717581898,0.0,92865.68,-1965.82,both_gainAhead_PCA10_GNBayes DPS wl7.0 maxL2 dd95_0.002 thres_0.0,1.0,0.0,wf_is_short,94174.94,-1993.53,0.0,1.0,gainAhead_PCA10_GNBayes,-1.0,gainAhead_PCA10_f10_is24,1.0,0.5,20160804 20:43:25 EDT
2016-08-05 00:00:00,-0.00888964334868,0.0,0.00263752189358,0.0,91751.24,-1114.44,both_gainAhead_PCA10_GNBayes DPS wl8.0 maxL2 dd95_0.003 thres_0.0,1.0,0.0,wf_is_short,93044.79,-1130.15,0.0,1.0,gainAhead_PCA10_GNBayes,-1.0,gainAhead_PCA10_f10_is25,1.0,0.5,20160805 23:27:28 EDT
2016-08-08 00:00:00,-0.00278684138624,0.0,0.00279751442472,0.0,92576.21,824.97,both_gainAhead_PCA10_GNBayes DPS wl9.0 maxL2 dd95_0.003 thres_0.0,1.0,0.0,wf_is_short,93881.39,836.6,0.0,1.0,gainAhead_PCA10_GNBayes,-1.0,gainAhead_PCA10_f10_is26,1.0,0.5,20160808 21:38:07 EDT
2016-08-09 00:00:00,-0.00977097030302,0.0,0.00246717581898,3.66287358028,91568.18,-3764.31,both_gainAhead_GNBayes DPS wl7.0 maxL2 dd95_0.002 thres_0.0,1.0,0.0,wf_is_short,92070.74,-3784.97,3.68297678659,1.0,gainAhead_GNBayes,-1.0,gainAhead_GNBayes_f86_is11,1.0,0.5,20160809 21:42:06 EDT
2016-08-10 00:00:00,0.0909562592956,0.000102,0.00131876094679,5.61517890661,93580.7,2012.52,both_gainAhead_GNBayes DPS wl2.0 maxL2 dd95_0.001 thres_0.0,2.0,0.0,wf_is_short,94096.19,2025.45,3.76399805525,1.0,gainAhead_GNBayes,1.0,gainAhead_GNBayes_f86_is3,1.0,0.5,20160810 23:32:48 EDT
2016-08-11 00:00:00,-0.00471270080489,0.0,0.00161514570617,3.70170237223,92538.86,-550.98,both_gainAhead_VotingSoft DPS wl3.0 maxL2 dd95_0.002 thres_0.0,1.0,0.0,wf_is_pv2e_p2p,92537.01,-550.97,3.70162840963,1.0,gainAhead_VotingSoft,1.0,gainAhead_VotingSoft_f104_is42,1.0,0.5,20160811 21:11:17 EDT
2016-08-12 00:00:00,-0.00777890062388,0.0,0.00186500961648,0.0,90980.66,-1558.2,both_gainAhead_VotingSoft DPS wl4.0 maxL2 dd95_0.002 thres_0.0,1.0,0.0,wf_is_pv2e_p2p,90978.84,-1558.17,0.0,1.0,gainAhead_VotingSoft,1.0,gainAhead_VotingSoft_f88_is9,1.0,0.5,20160813 00:13:16 EDT
2016-08-15 00:00:00,-0.00256159366985,0.0,0.00208514414057,3.54702236241,88672.01,-2308.65,both_gainAhead_VotingSoft DPS wl5.0 maxL2 dd95_0.002 thres_0.0,1.0,0.0,wf_is_pv2e_p2p,88670.24,-2308.6,3.54695140688,1.0,gainAhead_VotingSoft,-1.0,gainAhead_VotingSoft_f104_is42,1.0,0.5,20160815 21:16:54 EDT
2016-08-16 00:00:00,-0.00873343798456,0.0,0.00228416096288,3.82455595051,95610.07,355.83,both_gainAhead_VotingSoft DPS wl6.0 maxL2 dd95_0.002 thres_0.0,1.0,0.0,wf_is_pv2e_p2p,95608.16,355.83,3.82447926204,1.0,gainAhead_VotingSoft,1.0,gainAhead_VotingSoft_f88_is9,1.0,0.5,20160816 21:20:42 EDT
2016-08-17 00:00:00,-0.00820183953819,0.0,0.00246717581898,0.0,89275.72,272.46,both_gainAhead_VotingSoft DPS wl7.0 maxL2 dd95_0.002 thres_0.0,1.0,0.0,wf_is_pv2e_p2p,89273.93,272.45,0.0,1.0,gainAhead_VotingSoft,1.0,gainAhead_VotingSoft_f104_is42,1.0,0.5,20160817 22:25:52 EDT
2016-08-18 00:00:00,-0.00786830477092,0.0,0.00263752189358,0.0,89535.2,259.48,both_gainAhead_VotingSoft DPS wl8.0 maxL2 dd95_0.003 thres_0.0,1.0,0.0,wf_is_pv2e_p2p,89533.41,259.48,0.0,1.0,gainAhead_VotingSoft,1.0,gainAhead_VotingSoft_f104_is42,1.0,0.5,20160818 20:38:32 EDT
2016-08-19 00:00:00,-0.00972612271692,0.0,0.00279751442472,0.0,88263.72,-1271.48,both_gainAhead_VotingSoft DPS wl9.0 maxL2 dd95_0.003 thres_0.0,1.0,0.0,wf_is_pv2e_p2p,88261.96,-1271.45,0.0,1.0,gainAhead_VotingSoft,1.0,gainAhead_VotingSoft_f104_is42,1.0,0.5,20160820 00:35:56 EDT
2016-08-22 00:00:00,-0.00296293464237,0.0,0.0029488391231,0.0,95164.07,348.43,both_gainAhead_VotingSoft DPS wl10.0 maxL2 dd95_0.003 thres_0.0,1.0,0.0,wf_is_pv2e_p2p,95162.18,348.43,0.0,1.0,gainAhead_VotingSoft,1.0,gainAhead_VotingSoft_f104_is42,1.0,0.5,20160822 23:42:41 EDT
2016-08-23 00:00:00,-0.00981751302838,0.0,0.00309276856414,0.0,93712.12,-220.11,both_gainAhead_PCA10_GNBayes DPS wl11.0 maxL2 dd95_0.003 thres_0.0,1.0,0.0,wf_is_short,95347.02,-223.95,0.0,1.0,gainAhead_PCA10_GNBayes,-1.0,gainAhead_PCA10_f10_is12,1.0,0.5,20160823 21:28:06 EDT
2016-08-24 00:00:00,-0.00881614454983,0.0,0.00323029141235,0.0,94481.14,-905.93,both_gainAhead_VotingSoft DPS wl12.0 maxL2 dd95_0.003 thres_0.0,1.0,0.0,wf_is_pv2e_p2p,94479.26,-905.91,0.0,1.0,gainAhead_VotingSoft,1.0,gainAhead_VotingSoft_f104_is42,1.0,0.5,20160824 22:31:26 EDT
2016-08-25 00:00:00,-0.011128204263,0.0,0.00336219390073,0.0,94829.57,348.43,both_gainAhead_VotingSoft DPS wl13.0 maxL2 dd95_0.003 thres_0.0,1.0,0.0,wf_is_pv2e_p2p,94827.69,348.43,0.0,1.0,gainAhead_VotingSoft,1.0,gainAhead_VotingSoft_f88_is9,1.0,0.5,20160825 21:03:38 EDT
2016-08-26 00:00:00,-0.00904446639463,0.0,0.00348911350395,0.0,94815.63,-13.94,both_gainAhead_VotingSoft DPS wl14.0 maxL2 dd95_0.003 thres_0.0,1.0,0.0,wf_is_pv2e_p2p,94813.75,-13.94,0.0,1.0,gainAhead_VotingSoft,1.0,gainAhead_VotingSoft_f88_is9,1.0,0.5,20160826 23:42:13 EDT
2016-08-29 00:00:00,-0.00439370954799,0.0,0.00361157559257,0.0,93310.4,-1505.23,both_gainAhead_VotingSoft DPS wl15.0 maxL2 dd95_0.004 thres_0.0,1.0,0.0,wf_is_pv2e_p2p,93308.55,-1505.2,0.0,1.0,gainAhead_VotingSoft,1.0,gainAhead_VotingSoft_f88_is9,1.0,0.5,20160829 23:02:19 EDT
2016-08-30 00:00:00,-0.0121660643592,0.0,0.00373001923296,0.0,92390.54,-919.86,both_gainAhead_VotingSoft DPS wl16.0 maxL2 dd95_0.004 thres_0.0,1.0,0.0,wf_is_pv2e_p2p,92388.7,-919.85,0.0,1.0,gainAhead_VotingSoft,1.0,gainAhead_VotingSoft_f88_is9,1.0,0.5,20160830 21:11:20 EDT
2016-08-31 00:00:00,-0.015079159701,0.0,0.00384481582077,0.0,91400.99,-989.55,both_gainAhead_VotingSoft DPS wl17.0 maxL2 dd95_0.004 thres_0.0,1.0,0.0,wf_is_pv2e_p2p,91399.17,-989.53,0.0,1.0,gainAhead_VotingSoft,1.0,gainAhead_VotingSoft_f93_is19,1.0,0.5,20160831 22:28:04 EDT
2016-09-01 00:00:00,-0.0170719900547,0.0,0.00395628284037,0.0,89240.86,-3684.13,both_gainAhead_PCA10_VotingSoft DPS wl18.0 maxL2 dd95_0.004 thres_0.0,1.0,0.0,wf_is_pv2e_p2p,90797.77,-3748.4,0.0,1.0,gainAhead_PCA10_VotingSoft,-1.0,gainAhead_PCA10_f10_is34,1.0,0.5,20160901 21:42:13 EDT
2016-09-02 00:00:00,0.0157090662157,0.0,0.00114208048144,2.0,89749.33,508.47,both_gainAhead_PCA10_VotingSoft DPS wl1.5 maxL2 dd95_0.001 thres_0.0,2.0,0.0,wf_is_pv2e_p2p,91317.15,519.38,0.0,1.0,gainAhead_PCA10_VotingSoft,-1.0,gainAhead_PCA10_f10_is34,1.0,0.5,20160902 23:43:13 EDT
2016-09-02 00:00:00,0.0157090662157,0.0,0.00114208048144,2.0,89749.33,508.47,both_gainAhead_PCA10_VotingSoft DPS wl1.5 maxL2 dd95_0.001 thres_0.0,2.0,0.0,wf_is_pv2e_p2p,91317.15,519.38,0.0,1.0,gainAhead_PCA10_VotingSoft,-1.0,gainAhead_PCA10_f10_is34,1.0,0.5,20160905 21:48:30 EDT
2016-09-06 00:00:00,-0.00149515914011,0.0,0.00131876094679,2.0,85907.93,-3841.4,both_gainAhead_PCA10_VotingSoft DPS wl2.0 maxL2 dd95_0.001 thres_0.0,1.0,0.0,wf_is_pv2e_p2p,89363.91,-1953.24,0.0,1.0,gainAhead_PCA10_VotingSoft,-1.0,gainAhead_PCA10_f10_is19,1.0,0.5,20160906 21:38:04 EDT
2016-09-07 00:00:00,-0.00469530967945,0.0,0.00161514570617,3.68193724471,92044.75,-404.24,both_gainAhead_PCA10_VotingSoft DPS wl3.0 maxL2 dd95_0.002 thres_0.0,1.0,0.0,wf_is_pv2e_p2p,94103.64,-413.28,3.7642960513,1.0,gainAhead_PCA10_VotingSoft,1.0,gainAhead_PCA10_f10_is19,1.0,0.5,20160907 22:48:56 EDT
2016-09-08 00:00:00,-0.00543455649648,0.0,0.00186500961648,3.66855376905,91710.18,-334.57,both_gainAhead_PCA10_VotingSoft DPS wl4.0 maxL2 dd95_0.002 thres_0.0,1.0,0.0,wf_is_pv2e_p2p,93761.58,-342.06,3.75061329629,1.0,gainAhead_PCA10_VotingSoft,-1.0,gainAhead_PCA10_f10_is19,1.0,0.5,20160908 21:33:33 EDT
2016-09-09 00:00:00,-0.00507684607768,0.0,0.00208514414057,0.0,91988.13,277.95,both_gainAhead_PCA10_VotingSoft DPS wl5.0 maxL2 dd95_0.002 thres_0.0,1.0,0.0,wf_is_pv2e_p2p,94045.75,284.17,0.0,1.0,gainAhead_PCA10_VotingSoft,-1.0,gainAhead_PCA10_f10_is34,1.0,0.5,20160909 23:39:19 EDT
2016-09-12 00:00:00,-0.00198083069088,0.0,0.00131876094679,3.56163254713,89037.25,-3194.56,both_zigZag_GNBayes DPS wl2.0 maxL2 dd95_0.001 thres_0.0,1.0,0.0,wf_is_short,91028.73,-3266.01,3.64129485269,1.0,zigZag_GNBayes,-1.0,zigZag_GNBayes_f86_is3,1.0,0.5,20160912 21:08:31 EDT
2016-09-13 00:00:00,-0.00442696026152,0.0,0.00161514570617,0.0,88756.88,-280.37,both_zigZag_GNBayes DPS wl3.0 maxL2 dd95_0.002 thres_0.0,1.0,0.0,wf_is_short,90742.09,-286.64,0.0,1.0,zigZag_GNBayes,-1.0,zigZag_GNBayes_f86_is4,1.0,0.5,20160913 20:55:33 EDT
2016-09-14 00:00:00,-0.0057849087663,0.0,0.00186500961648,0.0,87921.05,-835.83,both_zigZag_GNBayes DPS wl4.0 maxL2 dd95_0.002 thres_0.0,1.0,0.0,wf_is_short,89887.57,-854.52,0.0,1.0,zigZag_GNBayes,-1.0,zigZag_GNBayes_f86_is5,1.0,0.5,20160914 22:57:29 EDT
2016-09-15 00:00:00,-0.0120646445107,0.0,0.00131876094679,0.0,87673.68,-247.37,both_zigZag_GNBayes DPS wl2.0 maxL2 dd95_0.001 thres_0.0,1.0,0.0,wf_is_short,89634.67,-252.9,0.0,1.0,zigZag_GNBayes,-1.0,zigZag_GNBayes_f86_is6,1.0,0.5,20160915 21:08:30 EDT
2016-09-16 00:00:00,0.00977375618489,0.00385696786463,0.00161514570617,2.0,88241.33,567.65,both_zigZag_GNBayes DPS wl3.0 maxL2 dd95_0.002 thres_0.0,2.0,0.0,wf_is_short,90217.06,582.39,0.0,1.0,zigZag_GNBayes,-1.0,zigZag_GNBayes_f86_is7,1.0,0.5,20160916 21:56:35 EDT
2016-09-19 00:00:00,-0.00225324106751,0.0,0.00186500961648,2.0,85039.14,-3202.19,both_zigZag_GNBayes DPS wl4.0 maxL2 dd95_0.002 thres_0.0,1.0,0.0,wf_is_short,88581.14,-1635.92,0.0,1.0,zigZag_GNBayes,-1.0,zigZag_GNBayes_f86_is8,1.0,0.5,20160919 20:48:29 EDT
2016-09-20 00:00:00,-0.00494497323225,0.0,0.00114208048144,3.28735244847,82180.52,-2858.62,both_zigZag_GNBayes DPS wl1.5 maxL2 dd95_0.001 thres_0.0,1.0,0.0,wf_is_short,85603.46,-2977.68,3.42427530978,1.0,zigZag_GNBayes,1.0,zigZag_GNBayes_f86_is6,1.0,0.5,20160920 20:47:54 EDT
2016-09-21 00:00:00,-0.00760388273444,0.0,0.00228416096288,0.0,91234.14,-1069.05,both_sellHold DPS wl6.0 maxL2 dd95_0.002 thres_0.0,1.0,0.0,wf_is_pv2e_p2p,92952.73,-1089.19,0.0,1.0,sellHold,-1.0,sellHold,1.0,0.5,20160921 22:32:49 EDT
2016-09-22 00:00:00,-0.00779539260561,0.0,0.00246717581898,0.0,91119.49,-114.65,both_sellHold DPS wl7.0 maxL2 dd95_0.002 thres_0.0,1.0,0.0,wf_is_pv2e_p2p,92835.92,-116.81,0.0,1.0,sellHold,-1.0,sellHold,1.0,0.5,20160922 20:57:05 EDT
2016-09-23 00:00:00,-0.00974405954386,0.0,0.00263752189358,3.65865966231,91462.83,-2144.45,both_gainAhead_PCA10_VotingSoft DPS wl8.0 maxL2 dd95_0.003 thres_0.0,1.0,0.0,wf_is_pv2e_p2p,92954.16,-2179.41,3.71831501877,1.0,gainAhead_PCA10_VotingSoft,-1.0,gainAhead_PCA10_f10_is23,1.0,0.5,20160923 20:32:07 EDT
2016-09-26 00:00:00,-0.000187706587729,0.0,0.00114208048144,0.0,91449.78,-13.05,both_gainAhead_PCA10_VotingSoft DPS wl1.5 maxL2 dd95_0.001 thres_0.0,1.0,0.0,wf_is_pv2e_p2p,92940.89,-13.27,0.0,1.0,gainAhead_PCA10_VotingSoft,-1.0,gainAhead_PCA10_f10_is23,1.0,0.5,20160926 20:26:39 EDT
2016-09-27 00:00:00,0.019859549962,7.1e-05,0.00131876094679,2.0,93727.38,450.54,both_gainAhead_PCA10_VotingSoft DPS wl2.0 maxL2 dd95_0.001 thres_0.0,2.0,0.0,wf_is_pv2e_p2p,93727.5,452.53,0.0,1.0,gainAhead_PCA10_VotingSoft,-1.0,gainAhead_PCA10_f10_is23,1.0,0.5,20160927 20:27:44 EDT
2016-09-28 00:00:00,-0.00687148502254,0.0,0.00161514570617,3.8010512335,95022.48,-1752.24,both_zigZag_GNBayes DPS wl3.0 maxL2 dd95_0.002 thres_0.0,1.0,0.0,wf_is_short,95490.02,-1760.86,3.81975352016,1.0,zigZag_GNBayes,-1.0,zigZag_GNBayes_f86_is4,1.0,0.5,20160928 22:40:52 EDT
2016-09-29 00:00:00,-0.00745068891204,0.0,0.00186500961648,0.0,93985.54,-1040.74,both_buyHold DPS wl4.0 maxL2 dd95_0.002 thres_0.0,1.0,0.0,wf_is_short,94447.98,-1045.86,0.0,1.0,buyHold,1.0,buyHold,1.0,0.5,20160929 20:27:20 EDT
2016-09-30 00:00:00,-0.00588331306229,0.0,0.00208514414057,0.0,94471.22,485.68,both_buyHold DPS wl5.0 maxL2 dd95_0.002 thres_0.0,1.0,0.0,wf_is_short,94936.05,488.07,0.0,1.0,buyHold,1.0,buyHold,1.0,0.5,20160930 22:16:54 EDT
2016-10-03 00:00:00,-0.00225343903897,0.0,0.00228416096288,0.0,94949.12,-617.65,both_zigZag_GNBayes DPS wl6.0 maxL2 dd95_0.002 thres_0.0,1.0,0.0,wf_is_short,95416.29,-620.69,0.0,1.0,zigZag_GNBayes,-1.0,zigZag_GNBayes_f86_is7,1.0,0.5,20161003 21:53:07 EDT
2016-10-04 00:00:00,-0.00580152570973,0.0,0.00131876094679,0.0,93355.55,-1593.57,both_zigZag_GNBayes DPS wl2.0 maxL2 dd95_0.001 thres_0.0,1.0,0.0,wf_is_short,93814.88,-1601.41,0.0,1.0,zigZag_GNBayes,-1.0,zigZag_GNBayes_f86_is8,1.0,0.5,20161004 21:23:27 EDT
2016-10-05 00:00:00,-0.0069478101399,0.0,0.00161514570617,2.0,91539.39,-5136.2,both_buyHold DPS wl3.0 maxL2 dd95_0.002 thres_0.0,1.0,0.0,wf_is_short,94573.49,-2579.78,0.0,1.0,buyHold,1.0,buyHold,1.0,0.5,20161005 22:51:37 EDT
2016-10-06 00:00:00,-0.0132830888781,0.0,0.00114208048144,0.0,91107.47,-431.92,both_buyHold DPS wl1.5 maxL2 dd95_0.001 thres_0.0,1.0,0.0,wf_is_short,94127.26,-446.23,0.0,1.0,buyHold,1.0,buyHold,1.0,0.5,20161006 21:02:17 EDT
2016-10-07 00:00:00,-0.00574117676344,0.0,0.00131876094679,0.0,90405.61,-701.86,both_buyHold DPS wl2.0 maxL2 dd95_0.001 thres_0.0,1.0,0.0,wf_is_short,93402.13,-725.13,0.0,1.0,buyHold,1.0,buyHold,1.0,0.5,20161007 20:18:11 EDT
2016-10-10 00:00:00,-0.000469525227687,0.0,0.00161514570617,0.0,90918.51,512.9,both_buyHold DPS wl3.0 maxL2 dd95_0.002 thres_0.0,1.0,0.0,wf_is_short,93932.03,529.9,0.0,1.0,buyHold,1.0,buyHold,1.0,0.5,20161010 21:03:56 EDT
2016-10-11 00:00:00,-0.00383602130264,0.0,0.00186500961648,0.0,90621.57,-296.94,both_buyHold DPS wl4.0 maxL2 dd95_0.002 thres_0.0,1.0,0.0,wf_is_short,93625.24,-306.79,0.0,1.0,buyHold,1.0,buyHold,1.0,0.5,20161011 20:52:21 EDT
2016-10-12 00:00:00,-0.00856039394054,0.0,0.00208514414057,3.64889790956,91218.8,-2559.72,both_gainAhead_VotingSoft DPS wl5.0 maxL2 dd95_0.002 thres_0.0,1.0,0.0,wf_is_pv3s_v2v,94242.01,-2644.56,3.76983132958,1.0,gainAhead_VotingSoft,1.0,gainAhead_VotingSoft_f97_is28,1.0,0.5,20161012 23:06:39 EDT
2016-10-13 00:00:00,-0.00465569302061,0.0,0.00161514570617,0.0,96560.01,-478.37,both_zigZag_PCA10_VotingSoft DPS wl3.0 maxL2 dd95_0.002 thres_0.0,1.0,0.0,wf_is_pv3s_v2v,96558.08,-478.36,0.0,1.0,zigZag_PCA10_VotingSoft,-1.0,zigZag_PCA10_f10_is28,1.0,0.5,20161013 20:24:23 EDT
2016-10-14 00:00:00,-0.0069475352617,0.0,0.00186500961648,0.0,94804.63,-1755.38,both_zigZag_PCA10_VotingSoft DPS wl4.0 maxL2 dd95_0.002 thres_0.0,1.0,0.0,wf_is_pv3s_v2v,94802.73,-1755.35,0.0,1.0,zigZag_PCA10_VotingSoft,-1.0,zigZag_PCA10_f10_is28,1.0,0.5,20161014 20:36:17 EDT
2016-10-17 00:00:00,-0.00258112748376,0.0,0.00208514414057,3.75886856653,93967.96,-836.67,both_zigZag_PCA10_VotingSoft DPS wl5.0 maxL2 dd95_0.002 thres_0.0,1.0,0.0,wf_is_pv3s_v2v,93966.07,-836.66,3.75879323424,1.0,zigZag_PCA10_VotingSoft,1.0,zigZag_PCA10_f10_is27,1.0,0.5,20161017 20:22:36 EDT
2016-10-18 00:00:00,-0.00780596567708,0.0,0.00228416096288,3.75660646383,93911.4,-56.56,both_zigZag_VotingSoft DPS wl6.0 maxL2 dd95_0.002 thres_0.0,1.0,0.0,wf_is_pv3s_v2v,93909.52,-56.55,3.75653090631,1.0,zigZag_VotingSoft,-1.0,zigZag_VotingSoft_f90_is27,1.0,0.5,20161018 21:48:58 EDT
2016-10-19 00:00:00,-0.00984838206546,0.0,0.00246717581898,0.0,93849.16,-66.0,both_zigZag_PCA10_VotingSoft DPS wl7.0 maxL2 dd95_0.002 thres_0.0,1.0,0.0,wf_is_pv3s_v2v,93847.27,-66.0,0.0,1.0,zigZag_PCA10_VotingSoft,1.0,zigZag_PCA10_f10_is27,1.0,0.5,20161019 23:25:27 EDT
2016-10-20 00:00:00,-0.00917297487567,0.0,0.00263752189358,0.0,92133.21,-1715.95,both_zigZag_PCA10_VotingSoft DPS wl8.0 maxL2 dd95_0.003 thres_0.0,1.0,0.0,wf_is_pv3s_v2v,92131.36,-1715.91,0.0,1.0,zigZag_PCA10_VotingSoft,1.0,zigZag_PCA10_f10_is27,1.0,0.5,20161020 20:42:09 EDT
2016-10-21 00:00:00,-0.00571264885801,0.0,0.00161514570617,0.0,91169.64,-963.57,both_zigZag_PCA10_VotingSoft DPS wl3.0 maxL2 dd95_0.002 thres_0.0,1.0,0.0,wf_is_pv3s_v2v,91167.81,-963.55,0.0,1.0,zigZag_PCA10_VotingSoft,1.0,zigZag_PCA10_f10_is27,1.0,0.5,20161021 21:20:18 EDT
2016-10-24 00:00:00,-0.00230996315064,0.0,0.00186500961648,0.0,96600.65,-421.41,both_zigZag_PCA10_VotingSoft DPS wl4.0 maxL2 dd95_0.002 thres_0.0,1.0,0.0,wf_is_pv3s_v2v,96598.72,-421.4,0.0,1.0,zigZag_PCA10_VotingSoft,1.0,zigZag_PCA10_f10_is27,1.0,0.5,20161024 21:11:08 EDT
2016-10-25 00:00:00,-0.00700421713061,0.0,0.00208514414057,0.0,96207.34,-393.31,both_zigZag_PCA10_VotingSoft DPS wl5.0 maxL2 dd95_0.002 thres_0.0,1.0,0.0,wf_is_pv3s_v2v,96205.41,-393.31,0.0,1.0,zigZag_PCA10_VotingSoft,1.0,zigZag_PCA10_f10_is27,1.0,0.5,20161025 20:27:43 EDT
2016-10-26 00:00:00,-0.00855073771504,0.0,0.00228416096288,0.0,96736.36,-1099.93,both_gainAhead_VotingSoft DPS wl6.0 maxL2 dd95_0.002 thres_0.0,1.0,0.0,wf_is_pv3s_v2v,96734.43,-1099.9,0.0,1.0,gainAhead_VotingSoft,-1.0,gainAhead_VotingSoft_f90_is27,1.0,0.5,20161026 22:48:32 EDT
2016-10-27 00:00:00,-0.00937136002548,0.0,0.00246717581898,0.0,96038.0,-698.36,both_gainAhead_VotingSoft DPS wl7.0 maxL2 dd95_0.002 thres_0.0,1.0,0.0,wf_is_pv3s_v2v,96036.09,-698.34,0.0,1.0,gainAhead_VotingSoft,-1.0,gainAhead_VotingSoft_f90_is27,1.0,0.5,20161027 20:37:25 EDT
2016-10-28 00:00:00,-0.00929791447055,0.0,0.00263752189358,0.0,94578.71,-1459.29,both_gainAhead_VotingSoft DPS wl8.0 maxL2 dd95_0.003 thres_0.0,1.0,0.0,wf_is_pv3s_v2v,94576.83,-1459.26,0.0,1.0,gainAhead_VotingSoft,-1.0,gainAhead_VotingSoft_f93_is20,1.0,0.5,20161028 20:39:58 EDT
2016-10-31 00:00:00,-0.00207544884629,0.0,0.00161514570617,0.0,95350.51,-2714.01,both_zigZag_VotingSoft DPS wl3.0 maxL2 dd95_0.002 thres_0.0,1.0,0.0,wf_is_pv2e_p2p,95348.61,-2713.96,0.0,1.0,zigZag_VotingSoft,1.0,zigZag_VotingSoft_f89_is12,1.0,0.5,20161031 21:15:49 EDT
2016-11-01 00:00:00,-0.0049046698115,0.0,0.00114208048144,0.0,94436.61,-913.9,both_zigZag_VotingSoft DPS wl1.5 maxL2 dd95_0.001 thres_0.0,1.0,0.0,wf_is_pv2e_p2p,94434.73,-913.88,0.0,1.0,zigZag_VotingSoft,1.0,zigZag_VotingSoft_f89_is12,1.0,0.5,20161101 21:19:44 EDT
2016-11-02 00:00:00,0.0239888532063,7.99989200144e-05,0.00131876094679,2.0,94988.49,551.88,both_zigZag_VotingSoft DPS wl2.0 maxL2 dd95_0.001 thres_0.0,2.0,0.0,wf_is_pv2e_p2p,94988.6,553.87,0.0,1.0,zigZag_VotingSoft,1.0,zigZag_VotingSoft_f91_is30,1.0,0.5,20161102 22:51:24 EDT
2016-11-03 00:00:00,-0.00688739550531,0.0,0.00161514570617,3.79953681673,94984.62,-743.39,both_zigZag_GNBayes DPS wl3.0 maxL2 dd95_0.002 thres_0.0,1.0,0.0,wf_is_short,94982.73,-743.37,3.799461007,1.0,zigZag_GNBayes,-1.0,zigZag_GNBayes_f86_is13,1.0,0.5,20161103 20:45:12 EDT
2016-11-04 00:00:00,-0.00744607036813,0.0,0.00186500961648,0.0,94342.74,-641.88,both_zigZag_GNBayes DPS wl4.0 maxL2 dd95_0.002 thres_0.0,1.0,0.0,wf_is_short,94340.86,-641.87,0.0,1.0,zigZag_GNBayes,-1.0,zigZag_GNBayes_f86_is14,1.0,0.5,20161104 21:31:01 EDT
2016-11-07 00:00:00,-0.00209071807197,0.0,0.00208514414057,3.77811492275,94449.09,106.35,both_zigZag_GNBayes DPS wl5.0 maxL2 dd95_0.002 thres_0.0,1.0,0.0,wf_is_short,94447.21,106.35,3.77803963496,1.0,zigZag_GNBayes,1.0,zigZag_GNBayes_f86_is21,1.0,0.5,20161107 21:00:03 EST
2016-11-08 00:00:00,-0.00581746069377,0.0,0.00228416096288,0.0,94863.04,413.95,both_zigZag_GNBayes DPS wl6.0 maxL2 dd95_0.002 thres_0.0,1.0,0.0,wf_is_short,94861.15,413.94,0.0,1.0,zigZag_GNBayes,1.0,zigZag_GNBayes_f86_is22,1.0,0.5,20161108 20:46:30 EST
2016-11-09 00:00:00,-0.00721650707198,0.0,0.00246717581898,0.0,94228.32,-634.72,both_zigZag_GNBayes DPS wl7.0 maxL2 dd95_0.002 thres_0.0,1.0,0.0,wf_is_short,94226.44,-634.71,0.0,1.0,zigZag_GNBayes,1.0,zigZag_GNBayes_f86_is23,1.0,0.5,20161109 21:38:47 EST
2016-11-09 00:00:00,-0.00706571190155,0.0,0.00246717581898,0.0,94228.32,-634.72,both_zigZag_GNBayes DPS wl7.0 maxL2 dd95_0.002 thres_0.0,1.0,0.0,wf_is_short,94226.44,-634.71,0.0,1.0,zigZag_GNBayes,1.0,zigZag_GNBayes_f86_is23,1.0,0.5,20161109 22:27:50 EST
2016-11-10 00:00:00,-0.00245791727156,0.0,0.00263752189358,3.82222688678,95551.85,1323.53,both_zigZag_GNBayes DPS wl8.0 maxL2 dd95_0.003 thres_0.0,1.0,0.0,wf_is_short,95549.94,1323.5,3.82215062748,1.0,zigZag_GNBayes,-1.0,zigZag_GNBayes_f86_is18,1.0,0.5,20161110 20:47:15 EST
2016-11-11 00:00:00,-0.00693221395217,0.0,0.00279751442472,5.68887415901,94808.88,-2229.1,both_zigZag_VotingSoft DPS wl9.0 maxL2 dd95_0.003 thres_0.0,1.0,0.0,wf_is_pv3s_v2v,96495.67,-1122.21,3.85998124382,1.0,zigZag_VotingSoft,-1.0,zigZag_VotingSoft_f93_is20,1.0,0.5,20161112 05:16:11 EST
2016-11-14 00:00:00,-0.00321188765988,0.0,0.0029488391231,0.0,96308.28,-392.24,both_gainAhead_PCA10_GNBayes DPS wl10.0 maxL2 dd95_0.003 thres_0.0,1.0,0.0,wf_is_short,97706.22,-397.93,0.0,1.0,gainAhead_PCA10_GNBayes,-1.0,gainAhead_PCA10_f10_is20,1.0,0.5,20161114 21:19:30 EST
2016-11-15 00:00:00,-0.0111279780359,0.0,0.00309276856414,0.0,94682.53,-1625.75,both_gainAhead_PCA10_GNBayes DPS wl11.0 maxL2 dd95_0.003 thres_0.0,1.0,0.0,wf_is_short,96056.87,-1649.35,0.0,1.0,gainAhead_PCA10_GNBayes,-1.0,gainAhead_PCA10_f10_is21,1.0,0.5,20161115 21:39:16 EST
2016-11-16 00:00:00,-0.00580304939698,0.0,0.00131876094679,0.0,93057.02,-1625.51,both_gainAhead_PCA10_GNBayes DPS wl2.0 maxL2 dd95_0.001 thres_0.0,1.0,0.0,wf_is_short,94407.77,-1649.1,0.0,1.0,gainAhead_PCA10_GNBayes,-1.0,gainAhead_PCA10_f10_is9,1.0,0.5,20161116 22:56:30 EST
2016-11-17 00:00:00,-0.00732825100205,0.0,0.00161514570617,0.0,91953.68,-1103.34,both_gainAhead_PCA10_GNBayes DPS wl3.0 maxL2 dd95_0.002 thres_0.0,1.0,0.0,wf_is_short,93288.41,-1119.36,0.0,1.0,gainAhead_PCA10_GNBayes,-1.0,gainAhead_PCA10_f10_is10,1.0,0.5,20161117 21:50:32 EST
2016-11-18 00:00:00,-0.00611322868979,0.0,0.00186500961648,3.68930231971,92228.87,275.19,both_gainAhead_PCA10_GNBayes DPS wl4.0 maxL2 dd95_0.002 thres_0.0,1.0,0.0,wf_is_short,93567.59,279.18,3.74285343899,1.0,gainAhead_PCA10_GNBayes,1.0,gainAhead_PCA10_f10_is11,1.0,0.5,20161118 20:41:57 EST
2016-11-21 00:00:00,-0.00223717779487,0.0,0.00208514414057,0.0,93530.64,-38.81,both_gainAhead_PCA10_GNBayes DPS wl5.0 maxL2 dd95_0.002 thres_0.0,1.0,0.0,wf_is_short,93528.78,-38.81,0.0,1.0,gainAhead_PCA10_GNBayes,1.0,gainAhead_PCA10_f10_is12,1.0,0.5,20161121 22:41:39 EST
2016-11-22 00:00:00,-0.00664586090604,0.0,0.00228416096288,0.0,92126.85,-63.76,both_gainAhead_PCA10_GNBayes DPS wl6.0 maxL2 dd95_0.002 thres_0.0,1.0,0.0,wf_is_short,93464.09,-64.69,0.0,1.0,gainAhead_PCA10_GNBayes,1.0,gainAhead_PCA10_f10_is13,1.0,0.5,20161122 23:16:33 EST
2016-11-25 00:00:00,-0.00400852175618,0.0,0.00186500961648,0.0,90864.32,-497.36,both_gainAhead_PCA10_GNBayes DPS wl4.0 maxL2 dd95_0.002 thres_0.0,1.0,0.0,wf_is_short,92183.23,-504.58,0.0,1.0,gainAhead_PCA10_GNBayes,1.0,gainAhead_PCA10_f10_is15,1.0,0.5,20161125 23:15:27 EST
2016-11-28 00:00:00,-0.00045677903151,0.0,0.00208514414057,3.67385169201,91842.62,978.3,both_gainAhead_PCA10_GNBayes DPS wl5.0 maxL2 dd95_0.002 thres_0.0,1.0,0.0,wf_is_short,93175.73,992.5,3.72717823135,1.0,gainAhead_PCA10_GNBayes,-1.0,gainAhead_PCA10_f10_is16,1.0,0.5,20161129 02:55:11 EST
2016-11-29 00:00:00,-0.00815625316651,0.0,0.00228416096288,0.0,92480.4,-933.88,both_gainAhead_PCA10_VotingSoft DPS wl6.0 maxL2 dd95_0.002 thres_0.0,1.0,0.0,wf_is_pv3s_v2v,93822.79,-947.44,0.0,1.0,gainAhead_PCA10_VotingSoft,1.0,gainAhead_PCA10_f10_is20,1.0,0.5,20161129 22:14:16 EST
2016-11-30 00:00:00,-0.00550768459532,0.0,0.00246717581898,0.0,93829.01,367.03,both_gainAhead_PCA10_VotingSoft DPS wl7.0 maxL2 dd95_0.002 thres_0.0,1.0,0.0,wf_is_pv3s_v2v,93827.12,367.02,0.0,1.0,gainAhead_PCA10_VotingSoft,1.0,gainAhead_PCA10_f10_is20,1.0,0.5,20161130 21:43:31 EST
2016-12-01 00:00:00,-0.00887347067398,0.0,0.00263752189358,0.0,92937.65,-891.36,both_gainAhead_PCA10_VotingSoft DPS wl8.0 maxL2 dd95_0.003 thres_0.0,1.0,0.0,wf_is_pv3s_v2v,92935.78,-891.34,0.0,1.0,gainAhead_PCA10_VotingSoft,1.0,gainAhead_PCA10_f10_is20,1.0,0.5,20161201 21:38:51 EST
2016-12-02 00:00:00,-0.00544513719761,0.0,0.00279751442472,0.0,93121.17,183.52,both_gainAhead_PCA10_VotingSoft DPS wl9.0 maxL2 dd95_0.003 thres_0.0,1.0,0.0,wf_is_pv3s_v2v,93119.29,183.51,0.0,1.0,gainAhead_PCA10_VotingSoft,1.0,gainAhead_PCA10_f10_is20,1.0,0.5,20161202 21:01:14 EST
2016-12-05 00:00:00,-0.00274478193041,0.0,0.0029488391231,0.0,93081.85,-39.32,both_gainAhead_PCA10_VotingSoft DPS wl10.0 maxL2 dd95_0.003 thres_0.0,1.0,0.0,wf_is_pv3s_v2v,93079.97,-39.32,0.0,1.0,gainAhead_PCA10_VotingSoft,1.0,gainAhead_PCA10_f10_is20,1.0,0.5,20161205 21:35:42 EST
2016-12-06 00:00:00,-0.00771553320694,0.0,0.00309276856414,0.0,93501.31,419.46,both_gainAhead_PCA10_VotingSoft DPS wl11.0 maxL2 dd95_0.003 thres_0.0,1.0,0.0,wf_is_pv3s_v2v,93499.43,419.46,0.0,1.0,gainAhead_PCA10_VotingSoft,1.0,gainAhead_PCA10_f10_is20,1.0,0.5,20161206 22:06:32 EST
2016-12-07 00:00:00,-0.0072682972329,0.0,0.00323029141235,3.72537113445,93130.55,-370.76,both_gainAhead_PCA10_VotingSoft DPS wl12.0 maxL2 dd95_0.003 thres_0.0,1.0,0.0,wf_is_pv3s_v2v,93128.68,-370.75,3.72529622964,1.0,gainAhead_PCA10_VotingSoft,-1.0,gainAhead_PCA10_f10_is20,1.0,0.5,20161207 21:40:11 EST
2016-12-08 00:00:00,-0.00795837561786,0.0,0.00336219390073,0.0,92645.56,-484.99,both_gainAhead_PCA10_VotingSoft DPS wl13.0 maxL2 dd95_0.003 thres_0.0,1.0,0.0,wf_is_pv3s_v2v,92643.7,-484.98,0.0,1.0,gainAhead_PCA10_VotingSoft,-1.0,gainAhead_PCA10_f10_is20,1.0,0.5,20161209 01:23:37 EST
2016-12-09 00:00:00,-0.00522084757694,0.0,0.00348911350395,0.0,93449.82,804.26,both_gainAhead_PCA10_VotingSoft DPS wl14.0 maxL2 dd95_0.003 thres_0.0,1.0,0.0,wf_is_pv3s_v2v,93447.94,804.24,0.0,1.0,gainAhead_PCA10_VotingSoft,-1.0,gainAhead_PCA10_f10_is20,1.0,0.5,20161209 23:29:33 EST
2016-12-12 00:00:00,-0.00448599544123,0.0,0.00361157559257,0.0,92275.1,-1174.72,both_gainAhead_PCA10_VotingSoft DPS wl15.0 maxL2 dd95_0.004 thres_0.0,1.0,0.0,wf_is_pv3s_v2v,92273.24,-1174.7,0.0,1.0,gainAhead_PCA10_VotingSoft,-1.0,gainAhead_PCA10_f10_is20,1.0,0.5,20161213 19:13:45 EST
2016-12-13 00:00:00,-0.0103673520622,0.0,0.00373001923296,3.67298403348,91820.93,-454.17,both_gainAhead_PCA10_VotingSoft DPS wl16.0 maxL2 dd95_0.004 thres_0.0,1.0,0.0,wf_is_pv3s_v2v,91819.08,-454.16,3.67290999671,1.0,gainAhead_PCA10_VotingSoft,1.0,gainAhead_PCA10_f10_is20,1.0,0.5,20161213 21:09:03 EST
2016-12-14 00:00:00,-0.00582886483617,0.0,0.00131876094679,3.64377671688,91090.77,-730.16,both_gainAhead_PCA10_VotingSoft DPS wl2.0 maxL2 dd95_0.001 thres_0.0,1.0,0.0,wf_is_pv3s_v2v,91088.94,-730.14,3.64370330239,1.0,gainAhead_PCA10_VotingSoft,-1.0,gainAhead_PCA10_f10_is20,1.0,0.5,20161215 00:33:24 EST
2016-12-15 00:00:00,-0.00503958982806,0.0,0.00161514570617,0.0,90835.86,-254.91,both_gainAhead_PCA10_VotingSoft DPS wl3.0 maxL2 dd95_0.002 thres_0.0,1.0,0.0,wf_is_pv3s_v2v,90834.04,-254.9,0.0,1.0,gainAhead_PCA10_VotingSoft,-1.0,gainAhead_PCA10_f10_is8,1.0,0.5,20161215 21:40:56 EST
2016-12-16 00:00:00,-0.000744578987899,0.0,0.00186500961648,0.0,91634.33,798.47,both_gainAhead_PCA10_VotingSoft DPS wl4.0 maxL2 dd95_0.002 thres_0.0,1.0,0.0,wf_is_pv3s_v2v,91632.5,798.46,0.0,1.0,gainAhead_PCA10_VotingSoft,-1.0,gainAhead_PCA10_f10_is20,1.0,0.5,20161216 22:32:13 EST
2016-12-19 00:00:00,-0.00233869671366,0.0,0.00161514570617,3.83622807821,95901.87,-2030.3,both_zigZag_GNBayes DPS wl3.0 maxL2 dd95_0.002 thres_0.0,1.0,0.0,wf_is_short,95899.93,-2030.26,3.83615051706,1.0,zigZag_GNBayes,-1.0,zigZag_GNBayes_f86_is21,1.0,0.5,20161220 00:58:10 EST
2016-12-19 00:00:00,-0.00234010548407,0.0,0.00161514570617,3.83622807821,95901.87,-2030.3,both_zigZag_GNBayes DPS wl3.0 maxL2 dd95_0.002 thres_0.0,1.0,0.0,wf_is_short,95899.93,-2030.26,3.83615051706,1.0,zigZag_GNBayes,-1.0,zigZag_GNBayes_f86_is21,1.0,0.5,20161220 02:47:03 EST
2016-12-20 00:00:00,-0.00790454471171,0.0,0.00186500961648,0.0,95588.63,-317.07,both_buyHold DPS wl4.0 maxL2 dd95_0.002 thres_0.0,1.0,0.0,wf_is_short,95586.7,-317.06,0.0,1.0,buyHold,1.0,buyHold,1.0,0.5,20161220 20:33:50 EST
2016-12-21 00:00:00,-0.00701966889125,0.0,0.00208514414057,0.0,94360.21,-1087.45,both_zigZag_GNBayes DPS wl5.0 maxL2 dd95_0.002 thres_0.0,1.0,0.0,wf_is_short,95120.77,-1096.21,0.0,1.0,zigZag_GNBayes,-1.0,zigZag_GNBayes_f86_is23,1.0,0.5,20161221 20:43:08 EST
2016-12-22 00:00:00,-0.00773511172932,0.0,0.00228416096288,0.0,95027.73,-94.95,both_zigZag_GNBayes DPS wl6.0 maxL2 dd95_0.002 thres_0.0,1.0,0.0,wf_is_short,95025.83,-94.94,0.0,1.0,zigZag_GNBayes,-1.0,zigZag_GNBayes_f86_is24,1.0,0.5,20161222 21:11:26 EST
2016-12-23 00:00:00,-0.00732585169911,0.0,0.00246717581898,0.0,95474.44,446.71,both_zigZag_GNBayes DPS wl7.0 maxL2 dd95_0.002 thres_0.0,1.0,0.0,wf_is_short,95472.53,446.7,0.0,1.0,zigZag_GNBayes,-1.0,zigZag_GNBayes_f86_is25,1.0,0.5,20161223 22:19:17 EST
2016-12-27 00:00:00,-0.00161229876846,0.0,0.00263752189358,0.0,95652.08,177.64,both_zigZag_GNBayes DPS wl8.0 maxL2 dd95_0.003 thres_0.0,1.0,0.0,wf_is_short,95650.17,177.64,0.0,1.0,zigZag_GNBayes,-1.0,zigZag_GNBayes_f86_is26,1.0,0.5,20161228 01:20:09 EST
2016-12-28 00:00:00,-0.00570063406623,0.0,0.00279751442472,0.0,94871.76,-13.61,both_zigZag_GNBayes DPS wl9.0 maxL2 dd95_0.003 thres_0.0,1.0,0.0,wf_is_short,95636.45,-13.72,0.0,1.0,zigZag_GNBayes,-1.0,zigZag_GNBayes_f86_is27,1.0,0.5,20161228 20:39:56 EST
2016-12-29 00:00:00,-0.00989872784539,0.0,0.0029488391231,0.0,94609.99,-1028.37,both_zigZag_GNBayes DPS wl10.0 maxL2 dd95_0.003 thres_0.0,1.0,0.0,wf_is_short,94608.1,-1028.35,0.0,1.0,zigZag_GNBayes,-1.0,zigZag_GNBayes_f86_is28,1.0,0.5,20161230 01:35:47 EST
2016-12-30 00:00:00,-0.00725790718467,0.0,0.00228416096288,0.0,94408.69,-201.3,both_zigZag_GNBayes DPS wl6.0 maxL2 dd95_0.002 thres_0.0,1.0,0.0,wf_is_short,94406.81,-201.29,0.0,1.0,zigZag_GNBayes,-1.0,zigZag_GNBayes_f86_is29,1.0,0.5,20161231 00:49:58 EST
2017-01-03 00:00:00,-0.00174794002569,0.0,0.00161514570617,3.83317122627,95825.45,-1561.47,both_gainAhead_PCA10_VotingSoft DPS wl3.0 maxL2 dd95_0.002 thres_0.0,1.0,0.0,wf_is_pv2e_p2p,95823.53,-1561.44,3.83309447383,1.0,gainAhead_PCA10_VotingSoft,1.0,gainAhead_PCA10_f10_is10,1.0,0.5,20170103 22:18:12 EST
2017-01-04 00:00:00,-0.0070935144153,0.0,0.00186500961648,0.0,93146.8,-3083.44,both_gainAhead_GNBayes DPS wl4.0 maxL2 dd95_0.002 thres_0.0,1.0,0.0,wf_is_short,93144.92,-3083.38,0.0,1.0,gainAhead_GNBayes,-1.0,gainAhead_GNBayes_f86_is9,1.0,0.5,20170104 22:47:10 EST
2017-01-05 00:00:00,-0.0116789798532,0.0,0.00279751442472,0.0,93073.46,-378.45,both_zigZag_PCA10_VotingSoft DPS wl9.0 maxL2 dd95_0.003 thres_0.0,1.0,0.0,wf_is_pv3s_v2v,93071.61,-378.44,0.0,1.0,zigZag_PCA10_VotingSoft,1.0,zigZag_PCA10_f10_is33,1.0,0.5,20170105 20:55:04 EST
2017-01-06 00:00:00,-0.00845988923454,0.0,0.0029488391231,0.0,93257.81,-266.2,both_gainAhead_GNBayes DPS wl10.0 maxL2 dd95_0.003 thres_0.0,1.0,0.0,wf_is_short,93255.94,-266.19,0.0,1.0,gainAhead_GNBayes,-1.0,gainAhead_GNBayes_f86_is11,1.0,0.5,20170106 20:24:29 EST
2017-01-09 00:00:00,-0.00377967938535,0.0,0.00309276856414,3.68307480811,92073.19,-1265.18,both_zigZag_PCA10_VotingSoft DPS wl11.0 maxL2 dd95_0.003 thres_0.0,1.0,0.0,wf_is_pv3s_v2v,92071.36,-1265.16,3.68300180824,1.0,zigZag_PCA10_VotingSoft,-1.0,zigZag_PCA10_f10_is33,1.0,0.5,20170109 22:09:30 EST
2017-01-10 00:00:00,-0.00475224538719,0.0,0.00161514570617,0.0,91820.9,-252.29,both_zigZag_PCA10_VotingSoft DPS wl3.0 maxL2 dd95_0.002 thres_0.0,1.0,0.0,wf_is_pv3s_v2v,91819.08,-252.28,0.0,1.0,zigZag_PCA10_VotingSoft,-1.0,zigZag_PCA10_f10_is33,1.0,0.5,20170111 01:10:54 EST
2017-01-11 00:00:00,-0.00550562864413,0.0,0.00186500961648,3.67534511053,91879.95,59.05,both_zigZag_VotingSoft DPS wl4.0 maxL2 dd95_0.002 thres_0.0,1.0,0.0,wf_is_pv2e_p2p,91878.13,59.05,3.6752722608,1.0,zigZag_VotingSoft,1.0,zigZag_VotingSoft_f91_is15,1.0,0.5,20170111 21:34:16 EST
2017-01-12 00:00:00,-0.00703003381146,0.0,0.00208514414057,3.6349989516,90871.34,-1008.61,both_zigZag_VotingSoft DPS wl5.0 maxL2 dd95_0.002 thres_0.0,1.0,0.0,wf_is_pv2e_p2p,90869.54,-1008.59,3.63492694788,1.0,zigZag_VotingSoft,-1.0,zigZag_VotingSoft_f91_is15,1.0,0.5,20170112 21:23:40 EST
2017-01-13 00:00:00,-0.00667746804481,0.0,0.00228416096288,0.0,90959.27,87.93,both_zigZag_VotingSoft DPS wl6.0 maxL2 dd95_0.002 thres_0.0,1.0,0.0,wf_is_pv2e_p2p,90957.47,87.93,0.0,1.0,zigZag_VotingSoft,-1.0,zigZag_VotingSoft_f91_is15,1.0,0.5,20170113 20:42:26 EST
2017-01-17 00:00:00,-0.00150805334701,0.0,0.00246717581898,0.0,91160.65,201.38,both_zigZag_VotingSoft DPS wl7.0 maxL2 dd95_0.002 thres_0.0,1.0,0.0,wf_is_pv2e_p2p,91158.84,201.37,0.0,1.0,zigZag_VotingSoft,-1.0,zigZag_VotingSoft_f91_is15,1.0,0.5,20170117 21:47:53 EST
2017-01-18 00:00:00,-0.00869560724081,0.0,0.00263752189358,0.0,90971.02,-189.63,both_zigZag_VotingSoft DPS wl8.0 maxL2 dd95_0.003 thres_0.0,1.0,0.0,wf_is_pv2e_p2p,90969.22,-189.62,0.0,1.0,zigZag_VotingSoft,-1.0,zigZag_VotingSoft_f91_is15,1.0,0.5,20170119 19:18:42 EST
2017-01-19 00:00:00,-0.00974314025135,0.0,0.00279751442472,0.0,90429.68,-541.34,both_zigZag_VotingSoft DPS wl9.0 maxL2 dd95_0.003 thres_0.0,1.0,0.0,wf_is_pv2e_p2p,90427.89,-541.33,0.0,1.0,zigZag_VotingSoft,-1.0,zigZag_VotingSoft_f91_is15,1.0,0.5,20170119 20:55:56 EST
2017-01-20 00:00:00,-0.0105708261605,0.0,0.0029488391231,0.0,89994.26,-435.42,both_zigZag_VotingSoft DPS wl10.0 maxL2 dd95_0.003 thres_0.0,1.0,0.0,wf_is_pv2e_p2p,89992.48,-435.41,0.0,1.0,zigZag_VotingSoft,-1.0,zigZag_VotingSoft_f91_is15,1.0,0.5,20170120 23:15:50 EST
2017-01-23 00:00:00,-0.00345147924828,0.0,0.00309276856414,0.0,88035.18,-1959.08,both_zigZag_VotingSoft DPS wl11.0 maxL2 dd95_0.003 thres_0.0,1.0,0.0,wf_is_pv2e_p2p,88033.44,-1959.04,0.0,1.0,zigZag_VotingSoft,-1.0,zigZag_VotingSoft_f91_is15,1.0,0.5,20170123 20:17:06 EST
2017-01-24 00:00:00,-0.00327000466003,0.0,0.00186500961648,0.0,89285.58,1250.4,both_zigZag_VotingSoft DPS wl4.0 maxL2 dd95_0.002 thres_0.0,1.0,0.0,wf_is_pv2e_p2p,89283.81,1250.37,0.0,1.0,zigZag_VotingSoft,-1.0,zigZag_VotingSoft_f91_is15,1.0,0.5,20170124 20:34:37 EST
2017-01-25 00:00:00,-0.0118791939597,0.0,0.00114208048144,0.0,88909.36,-376.22,both_zigZag_VotingSoft DPS wl1.5 maxL2 dd95_0.001 thres_0.0,1.0,0.0,wf_is_pv2e_p2p,88907.6,-376.21,0.0,1.0,zigZag_VotingSoft,-1.0,zigZag_VotingSoft_f99_is32,1.0,0.5,20170125 20:48:29 EST
2017-01-26 00:00:00,-0.0179174552888,0.0,0.00131876094679,0.0,88536.3,-373.06,both_zigZag_VotingSoft DPS wl2.0 maxL2 dd95_0.001 thres_0.0,1.0,0.0,wf_is_pv2e_p2p,88534.54,-373.06,0.0,1.0,zigZag_VotingSoft,-1.0,zigZag_VotingSoft_f99_is32,1.0,0.5,20170126 20:48:54 EST
2017-01-27 00:00:00,-0.00648264188461,0.0,0.00161514570617,0.0,87748.67,-787.63,both_zigZag_VotingSoft DPS wl3.0 maxL2 dd95_0.002 thres_0.0,1.0,0.0,wf_is_pv2e_p2p,87746.93,-787.61,0.0,1.0,zigZag_VotingSoft,-1.0,zigZag_VotingSoft_f99_is32,1.0,0.5,20170127 20:48:30 EST
2017-01-30 00:00:00,-6.56167221891e-05,0.0,0.00161514570617,0.0,88581.02,832.35,both_zigZag_VotingSoft DPS wl3.0 maxL2 dd95_0.002 thres_0.0,1.0,0.0,wf_is_pv2e_p2p,88579.27,832.34,0.0,1.0,zigZag_VotingSoft,-1.0,zigZag_VotingSoft_f99_is32,1.0,0.5,20170130 20:43:22 EST
2017-01-31 00:00:00,-0.00475762409106,0.0,0.00186500961648,0.0,87625.2,-955.82,both_zigZag_VotingSoft DPS wl4.0 maxL2 dd95_0.002 thres_0.0,1.0,0.0,wf_is_pv2e_p2p,87623.46,-955.81,0.0,1.0,zigZag_VotingSoft,-1.0,zigZag_VotingSoft_f99_is32,1.0,0.5,20170131 20:20:48 EST
2017-02-01 00:00:00,-0.0076300730836,0.0,0.00208514414057,0.0,85871.29,-1753.91,both_zigZag_VotingSoft DPS wl5.0 maxL2 dd95_0.002 thres_0.0,1.0,0.0,wf_is_pv2e_p2p,85869.59,-1753.87,0.0,1.0,zigZag_VotingSoft,-1.0,zigZag_VotingSoft_f99_is32,1.0,0.5,20170202 02:27:07 EST
2017-02-02 00:00:00,-0.00954526662338,0.0,0.00228416096288,0.0,85343.3,-527.99,both_zigZag_VotingSoft DPS wl6.0 maxL2 dd95_0.002 thres_0.0,1.0,0.0,wf_is_pv2e_p2p,85341.61,-527.98,0.0,1.0,zigZag_VotingSoft,-1.0,zigZag_VotingSoft_f99_is32,1.0,0.5,20170202 20:18:09 EST
2017-02-03 00:00:00,-0.00707124851237,0.0,0.00246717581898,0.0,85898.13,554.83,both_zigZag_VotingSoft DPS wl7.0 maxL2 dd95_0.002 thres_0.0,1.0,0.0,wf_is_pv2e_p2p,85896.42,554.81,0.0,1.0,zigZag_VotingSoft,-1.0,zigZag_VotingSoft_f99_is32,1.0,0.5,20170203 20:20:07 EST
2017-02-06 00:00:00,-0.00176976440518,0.0,0.00263752189358,3.47099942662,86771.51,873.38,both_zigZag_VotingSoft DPS wl8.0 maxL2 dd95_0.003 thres_0.0,1.0,0.0,wf_is_pv2e_p2p,86769.79,873.37,3.47093032839,1.0,zigZag_VotingSoft,1.0,zigZag_VotingSoft_f99_is32,1.0,0.5,20170206 20:54:50 EST
2017-02-07 00:00:00,-0.00585728000355,0.0,0.00131876094679,0.0,86151.96,-619.55,both_zigZag_VotingSoft DPS wl2.0 maxL2 dd95_0.001 thres_0.0,1.0,0.0,wf_is_pv2e_p2p,86150.25,-619.54,0.0,1.0,zigZag_VotingSoft,1.0,zigZag_VotingSoft_f99_is32,1.0,0.5,20170207 20:58:37 EST
2017-02-07 00:00:00,-0.00581744395871,0.0,0.00131876094679,0.0,86151.96,-619.55,both_zigZag_VotingSoft DPS wl2.0 maxL2 dd95_0.001 thres_0.0,1.0,0.0,wf_is_pv2e_p2p,86150.25,-619.54,0.0,1.0,zigZag_VotingSoft,1.0,zigZag_VotingSoft_f99_is32,1.0,0.5,20170207 21:24:47 EST
2017-02-08 00:00:00,-0.00350419340088,0.0,0.00161514570617,3.45342122253,86332.08,180.12,both_zigZag_VotingSoft DPS wl3.0 maxL2 dd95_0.002 thres_0.0,1.0,0.0,wf_is_pv2e_p2p,86330.36,180.11,3.45335267679,1.0,zigZag_VotingSoft,-1.0,zigZag_VotingSoft_f99_is32,1.0,0.5,20170208 20:51:11 EST
2017-02-08 00:00:00,-0.00312070267457,0.0,0.00161514570617,3.45342122253,86332.08,180.12,both_zigZag_VotingSoft DPS wl3.0 maxL2 dd95_0.002 thres_0.0,1.0,0.0,wf_is_pv2e_p2p,86330.36,180.11,3.45335267679,1.0,zigZag_VotingSoft,-1.0,zigZag_VotingSoft_f99_is32,1.0,0.5,20170208 21:34:13 EST
2017-02-09 00:00:00,-0.00595400185947,0.0,0.00186500961648,3.40047991176,85008.6,-377.85,both_zigZag_VotingSoft DPS wl4.0 maxL2 dd95_0.002 thres_0.0,1.0,0.0,wf_is_pv2e_p2p,85948.33,-382.03,3.43807073552,1.0,zigZag_VotingSoft,1.0,zigZag_VotingSoft_f99_is32,1.0,0.5,20170209 20:50:02 EST
2017-02-10 00:00:00,-0.00245068558888,0.0,0.00208514414057,0.0,86222.97,272.93,both_zigZag_VotingSoft DPS wl5.0 maxL2 dd95_0.002 thres_0.0,1.0,0.0,wf_is_pv2e_p2p,86221.25,272.92,0.0,1.0,zigZag_VotingSoft,1.0,zigZag_VotingSoft_f99_is32,1.0,0.5,20170210 20:30:40 EST
2017-02-13 00:00:00,0.00240055545597,0.00184614255809,0.00228416096288,5.22728177122,87116.14,893.17,both_zigZag_VotingSoft DPS wl6.0 maxL2 dd95_0.002 thres_0.0,2.0,0.0,wf_is_pv2e_p2p,87116.14,894.89,3.48478499729,1.0,zigZag_VotingSoft,-1.0,zigZag_VotingSoft_f99_is32,1.0,0.5,20170213 20:46:44 EST
2017-02-14 00:00:00,0.03203507048,3.999982e-05,0.00186500961648,7.01562838737,87688.34,572.2,both_zigZag_VotingSoft DPS wl4.0 maxL2 dd95_0.002 thres_0.0,2.0,0.0,wf_is_pv2e_p2p,87402.25,286.11,3.49622989684,1.0,zigZag_VotingSoft,1.0,zigZag_VotingSoft_f94_is21,1.0,0.5,20170214 20:34:05 EST
2017-02-15 00:00:00,-0.00582340088847,0.0,0.00208514414057,2.0,86178.93,-1509.41,both_zigZag_VotingSoft DPS wl5.0 maxL2 dd95_0.002 thres_0.0,1.0,0.0,wf_is_pv2e_p2p,86651.01,-751.24,0.0,1.0,zigZag_VotingSoft,1.0,zigZag_VotingSoft_f94_is21,1.0,0.5,20170215 20:58:24 EST
2017-02-16 00:00:00,-0.00684711335899,0.0,0.00228416096288,0.0,85610.2,-568.73,both_zigZag_VotingSoft DPS wl6.0 maxL2 dd95_0.002 thres_0.0,1.0,0.0,wf_is_pv2e_p2p,86079.17,-571.84,0.0,1.0,zigZag_VotingSoft,1.0,zigZag_VotingSoft_f94_is21,1.0,0.5,20170216 20:36:29 EST
2017-02-17 00:00:00,-0.00700084638889,0.0,0.00161514570617,0.0,94380.21,-1562.17,both_gainAhead_VotingSoft DPS wl3.0 maxL2 dd95_0.002 thres_0.0,1.0,0.0,wf_is_pv3s_v2v,94378.34,-1562.14,0.0,1.0,gainAhead_VotingSoft,1.0,gainAhead_VotingSoft_f92_is18,1.0,0.5,20170217 20:30:15 EST
2017-02-17 00:00:00,-0.00629663835873,0.0,0.00161514570617,0.0,94380.21,-1562.17,both_gainAhead_VotingSoft DPS wl3.0 maxL2 dd95_0.002 thres_0.0,1.0,0.0,wf_is_pv3s_v2v,94378.34,-1562.14,0.0,1.0,gainAhead_VotingSoft,1.0,gainAhead_VotingSoft_f92_is18,1.0,0.5,20170220 20:17:16 EST
2017-02-21 00:00:00,-0.00143355515831,0.0,0.00186500961648,3.78220693252,94551.39,171.18,both_gainAhead_VotingSoft DPS wl4.0 maxL2 dd95_0.002 thres_0.0,1.0,0.0,wf_is_pv3s_v2v,94549.52,171.18,3.78213199386,1.0,gainAhead_VotingSoft,-1.0,gainAhead_VotingSoft_f92_is18,1.0,0.5,20170221 20:16:13 EST
2017-02-22 00:00:00,-0.0038770261838,0.0,0.00208514414057,0.0,94763.84,212.45,both_gainAhead_VotingSoft DPS wl5.0 maxL2 dd95_0.002 thres_0.0,1.0,0.0,wf_is_pv3s_v2v,94761.96,212.44,0.0,1.0,gainAhead_VotingSoft,-1.0,gainAhead_VotingSoft_f92_is18,1.0,0.5,20170222 20:47:49 EST
2017-02-23 00:00:00,-0.00791110669827,0.0,0.00228416096288,0.0,93998.1,-765.74,both_gainAhead_VotingSoft DPS wl6.0 maxL2 dd95_0.002 thres_0.0,1.0,0.0,wf_is_pv3s_v2v,93996.23,-765.73,0.0,1.0,gainAhead_VotingSoft,-1.0,gainAhead_VotingSoft_f92_is18,1.0,0.5,20170223 20:16:04 EST
2017-02-24 00:00:00,-0.00856073877537,0.0,0.00246717581898,0.0,93417.56,-580.54,both_gainAhead_VotingSoft DPS wl7.0 maxL2 dd95_0.002 thres_0.0,1.0,0.0,wf_is_pv3s_v2v,93415.7,-580.53,0.0,1.0,gainAhead_VotingSoft,-1.0,gainAhead_VotingSoft_f92_is18,1.0,0.5,20170224 20:24:00 EST
2017-02-27 00:00:00,-0.0021855467082,0.0,0.00263752189358,0.0,93966.57,549.01,both_gainAhead_VotingSoft DPS wl8.0 maxL2 dd95_0.003 thres_0.0,1.0,0.0,wf_is_pv3s_v2v,93964.7,549.0,0.0,1.0,gainAhead_VotingSoft,-1.0,gainAhead_VotingSoft_f92_is18,1.0,0.5,20170227 20:24:13 EST
2017-02-28 00:00:00,-0.00840985387698,0.0,0.00279751442472,0.0,93694.99,-271.58,both_gainAhead_VotingSoft DPS wl9.0 maxL2 dd95_0.003 thres_0.0,1.0,0.0,wf_is_pv3s_v2v,93693.13,-271.57,0.0,1.0,gainAhead_VotingSoft,-1.0,gainAhead_VotingSoft_f92_is18,1.0,0.5,20170228 20:45:13 EST
2017-03-01 00:00:00,-0.00590259295092,0.0,0.00131876094679,3.87613821001,96899.58,-1972.51,both_zigZag_GNBayes DPS wl2.0 maxL2 dd95_0.001 thres_0.0,1.0,0.0,wf_is_short,96897.64,-1972.47,3.87606058695,1.0,zigZag_GNBayes,1.0,zigZag_GNBayes_f86_is5,1.0,0.5,20170301 20:22:40 EST
2017-03-02 00:00:00,-0.00753979708592,0.0,0.00208514414057,0.0,95555.48,-1344.1,both_zigZag_GNBayes DPS wl5.0 maxL2 dd95_0.002 thres_0.0,1.0,0.0,wf_is_short,95553.57,-1344.07,0.0,1.0,zigZag_GNBayes,1.0,zigZag_GNBayes_f86_is6,1.0,0.5,20170302 20:19:19 EST
2017-03-03 00:00:00,-0.00492115176579,0.0,0.00114208048144,3.86797180917,96695.43,-1552.18,both_gainAhead_PCA10_VotingSoft DPS wl1.5 maxL2 dd95_0.001 thres_0.0,1.0,0.0,wf_is_pv2e_p2p,96693.49,-1552.15,3.867894251,1.0,gainAhead_PCA10_VotingSoft,1.0,gainAhead_PCA10_f10_is35,1.0,0.5,20170303 20:27:02 EST
2017-03-06 00:00:00,-0.00163945525414,0.0,0.00114208048144,0.0,95310.62,-1388.68,both_sellHold DPS wl1.5 maxL2 dd95_0.001 thres_0.0,1.0,0.0,wf_is_pv2e_p2p,95308.71,-1388.65,0.0,1.0,sellHold,-1.0,sellHold,1.0,0.5,20170306 20:14:22 EST
2017-03-07 00:00:00,0.0562898557106,7.9997600032e-05,0.00131876094679,2.0,96609.79,1299.17,both_sellHold DPS wl2.0 maxL2 dd95_0.001 thres_0.0,2.0,0.0,wf_is_pv2e_p2p,96609.85,1301.14,0.0,1.0,sellHold,-1.0,sellHold,1.0,0.5,20170307 20:14:12 EST
2017-03-08 00:00:00,-0.00230291198878,0.0,0.00114208048144,2.0,96459.22,-150.57,both_sellHold DPS wl1.5 maxL2 dd95_0.001 thres_0.0,1.0,0.0,wf_is_pv2e_p2p,96535.56,-74.29,0.0,1.0,sellHold,-1.0,sellHold,1.0,0.5,20170308 20:19:11 EST
2017-03-09 00:00:00,-0.0148141813427,0.0,0.00131876094679,0.0,94991.58,-329.58,both_gainAhead_PCA10_VotingSoft DPS wl2.0 maxL2 dd95_0.001 thres_0.0,1.0,0.0,wf_is_pv2e_p2p,96326.76,-334.21,0.0,1.0,gainAhead_PCA10_VotingSoft,1.0,gainAhead_PCA10_f10_is35,1.0,0.5,20170309 20:19:11 EST
2017-03-10 00:00:00,-0.00691740346865,0.0,0.00161514570617,0.0,94344.63,-646.95,both_gainAhead_PCA10_VotingSoft DPS wl3.0 maxL2 dd95_0.002 thres_0.0,1.0,0.0,wf_is_pv2e_p2p,95670.72,-656.04,0.0,1.0,gainAhead_PCA10_VotingSoft,1.0,gainAhead_PCA10_f10_is21,1.0,0.5,20170310 20:17:56 EST
2017-03-13 00:00:00,-0.00249969839019,0.0,0.00186500961648,0.0,93831.95,-512.68,both_gainAhead_PCA10_VotingSoft DPS wl4.0 maxL2 dd95_0.002 thres_0.0,1.0,0.0,wf_is_pv2e_p2p,95150.84,-519.88,0.0,1.0,gainAhead_PCA10_VotingSoft,1.0,gainAhead_PCA10_f10_is33,1.0,0.5,20170313 20:24:34 EDT
2017-03-14 00:00:00,-0.00762317856716,0.0,0.00208514414057,0.0,94173.73,341.78,both_gainAhead_PCA10_VotingSoft DPS wl5.0 maxL2 dd95_0.002 thres_0.0,1.0,0.0,wf_is_pv2e_p2p,95497.43,346.59,0.0,1.0,gainAhead_PCA10_VotingSoft,1.0,gainAhead_PCA10_f10_is22,1.0,0.5,20170314 21:00:27 EDT
2017-03-15 00:00:00,-0.00868057226007,0.0,0.00228416096288,0.0,94529.26,-1153.4,both_zigZag_GNBayes DPS wl6.0 maxL2 dd95_0.002 thres_0.0,1.0,0.0,wf_is_short,94852.85,-1157.35,0.0,1.0,zigZag_GNBayes,-1.0,zigZag_GNBayes_f86_is7,1.0,0.5,20170315 20:30:22 EDT
2017-03-16 00:00:00,-0.00522084633802,0.0,0.00131876094679,0.0,94420.3,-108.96,both_zigZag_GNBayes DPS wl2.0 maxL2 dd95_0.001 thres_0.0,1.0,0.0,wf_is_short,94743.52,-109.33,0.0,1.0,zigZag_GNBayes,-1.0,zigZag_GNBayes_f86_is8,1.0,0.5,20170317 04:56:59 EDT
2017-03-20 00:00:00,-0.00255735655953,0.0,0.00186500961648,5.69572781394,94923.1,-2568.65,both_zigZag_VotingSoft DPS wl4.0 maxL2 dd95_0.002 thres_0.0,1.0,0.0,wf_is_pv2e_p2p,97398.79,-1301.25,3.89610724513,1.0,zigZag_VotingSoft,-1.0,zigZag_VotingSoft_f94_is21,1.0,0.5,20170320 21:24:59 EDT
2017-03-21 00:00:00,-0.00708418997738,0.0,0.00208514414057,3.76570730987,94138.92,-604.1,both_zigZag_PCA10_VotingSoft DPS wl5.0 maxL2 dd95_0.002 thres_0.0,1.0,0.0,wf_is_pv2e_p2p,96934.47,-622.04,3.87753380494,1.0,zigZag_PCA10_VotingSoft,-1.0,zigZag_PCA10_f10_is21,1.0,0.5,20170322 00:11:39 EDT
2017-03-22 00:00:00,-0.0057657747204,0.0,0.00131876094679,3.74105421801,93522.61,-616.31,both_zigZag_PCA10_VotingSoft DPS wl2.0 maxL2 dd95_0.001 thres_0.0,1.0,0.0,wf_is_pv2e_p2p,96299.86,-634.61,3.85214858917,1.0,zigZag_PCA10_VotingSoft,1.0,zigZag_PCA10_f10_is21,1.0,0.5,20170322 20:18:21 EDT
2017-03-23 00:00:00,-0.0045370846152,0.0,0.00161514570617,0.0,94596.01,-85.7,both_zigZag_PCA10_VotingSoft DPS wl3.0 maxL2 dd95_0.002 thres_0.0,1.0,0.0,wf_is_pv2e_p2p,96212.7,-87.16,0.0,1.0,zigZag_PCA10_VotingSoft,1.0,zigZag_PCA10_f10_is21,1.0,0.5,20170323 20:14:19 EDT
2017-03-24 00:00:00,-0.00778993021391,0.0,0.00186500961648,0.0,93679.81,241.85,both_zigZag_PCA10_VotingSoft DPS wl4.0 maxL2 dd95_0.002 thres_0.0,1.0,0.0,wf_is_pv2e_p2p,96461.73,249.03,0.0,1.0,zigZag_PCA10_VotingSoft,1.0,zigZag_PCA10_f10_is21,1.0,0.5,20170324 20:18:21 EDT
2017-03-27 00:00:00,-0.00263331438679,0.0,0.00208514414057,3.76768078916,94188.25,-652.61,both_zigZag_PCA10_VotingSoft DPS wl5.0 maxL2 dd95_0.002 thres_0.0,1.0,0.0,wf_is_pv2e_p2p,95797.97,-663.76,3.83207203108,1.0,zigZag_PCA10_VotingSoft,-1.0,zigZag_PCA10_f10_is21,1.0,0.5,20170327 20:24:20 EDT
2017-03-28 00:00:00,-0.00652757439005,0.0,0.00228416096288,3.77046802703,94257.93,69.68,both_zigZag_PCA10_VotingSoft DPS wl6.0 maxL2 dd95_0.002 thres_0.0,1.0,0.0,wf_is_pv2e_p2p,95868.84,70.87,3.83490703925,1.0,zigZag_PCA10_VotingSoft,1.0,zigZag_PCA10_f10_is21,1.0,0.5,20170328 20:17:08 EDT
2017-03-29 00:00:00,-0.0084780830829,0.0,0.00246717581898,3.68831429906,92204.17,-899.85,both_zigZag_PCA10_VotingSoft DPS wl7.0 maxL2 dd95_0.002 thres_0.0,1.0,0.0,wf_is_pv2e_p2p,94942.27,-926.57,3.79784260021,1.0,zigZag_PCA10_VotingSoft,-1.0,zigZag_PCA10_f10_is21,1.0,0.5,20170329 20:47:52 EDT
2017-03-30 00:00:00,-0.0109147095598,0.0,0.00263752189358,0.0,93236.59,-110.34,both_zigZag_PCA10_VotingSoft DPS wl8.0 maxL2 dd95_0.003 thres_0.0,1.0,0.0,wf_is_pv2e_p2p,94830.05,-112.22,0.0,1.0,zigZag_PCA10_VotingSoft,-1.0,zigZag_PCA10_f10_is22,1.0,0.5,20170330 21:43:03 EDT
2017-03-31 00:00:00,-0.00887712648803,0.0,0.00279751442472,0.0,91891.18,-1345.41,both_zigZag_PCA10_VotingSoft DPS wl9.0 maxL2 dd95_0.003 thres_0.0,1.0,0.0,wf_is_pv2e_p2p,93461.65,-1368.4,0.0,1.0,zigZag_PCA10_VotingSoft,-1.0,zigZag_PCA10_f10_is22,1.0,0.5,20170331 20:16:13 EDT
2017-04-03 00:00:00,0.0331023521756,8e-05,0.00131876094679,5.64608499485,94095.77,2204.59,both_zigZag_PCA10_VotingSoft DPS wl2.0 maxL2 dd95_0.001 thres_0.0,2.0,0.0,wf_is_pv2e_p2p,95705.83,2244.18,3.82838642881,1.0,zigZag_PCA10_VotingSoft,1.0,zigZag_PCA10_f10_is22,1.0,0.5,20170403 20:24:28 EDT
2017-04-04 00:00:00,-0.00848758881715,0.0,0.00309276856414,2.0,92547.74,-1548.03,both_zigZag_PCA10_VotingSoft DPS wl11.0 maxL2 dd95_0.003 thres_0.0,1.0,0.0,wf_is_pv2e_p2p,94919.59,-786.24,0.0,1.0,zigZag_PCA10_VotingSoft,1.0,zigZag_PCA10_f10_is22,1.0,0.5,20170404 20:18:38 EDT
2017-04-05 00:00:00,-0.00553344201047,0.0,0.00323029141235,0.0,91439.18,24.43,both_zigZag_PCA10_VotingSoft DPS wl12.0 maxL2 dd95_0.003 thres_0.0,1.0,0.0,wf_is_pv2e_p2p,94944.95,25.36,0.0,1.0,zigZag_PCA10_VotingSoft,1.0,zigZag_PCA10_f10_is22,1.0,0.5,20170405 20:45:30 EDT
2017-04-06 00:00:00,-0.00792512150609,0.0,0.00336219390073,0.0,92127.35,-445.12,both_zigZag_PCA10_VotingSoft DPS wl13.0 maxL2 dd95_0.003 thres_0.0,1.0,0.0,wf_is_pv2e_p2p,94488.42,-456.53,0.0,1.0,zigZag_PCA10_VotingSoft,1.0,zigZag_PCA10_f10_is22,1.0,0.5,20170406 20:24:41 EDT
2017-04-07 00:00:00,-0.00891183845427,0.0,0.00348911350395,0.0,89717.14,-1282.37,both_zigZag_PCA10_VotingSoft DPS wl14.0 maxL2 dd95_0.003 thres_0.0,1.0,0.0,wf_is_pv2e_p2p,93156.88,-1331.54,0.0,1.0,zigZag_PCA10_VotingSoft,1.0,zigZag_PCA10_f10_is22,1.0,0.5,20170407 20:20:30 EDT
2017-04-10 00:00:00,-0.00271899137467,0.0,0.00361157559257,0.0,92918.68,2089.59,both_zigZag_PCA10_VotingSoft DPS wl15.0 maxL2 dd95_0.004 thres_0.0,1.0,0.0,wf_is_pv2e_p2p,95300.02,2143.14,0.0,1.0,zigZag_PCA10_VotingSoft,1.0,zigZag_PCA10_f10_is22,1.0,0.5,20170410 20:25:48 EDT
2017-04-11 00:00:00,-0.00534312554497,0.0,0.00114208048144,0.0,91610.17,-170.98,both_zigZag_PCA10_VotingSoft DPS wl1.5 maxL2 dd95_0.001 thres_0.0,1.0,0.0,wf_is_pv2e_p2p,95122.48,-177.54,0.0,1.0,zigZag_PCA10_VotingSoft,1.0,zigZag_PCA10_f10_is8,1.0,0.5,20170411 20:13:38 EDT
2017-04-12 00:00:00,-0.0159006813964,0.0,0.00131876094679,0.0,93645.29,-350.87,both_buyHold DPS wl2.0 maxL2 dd95_0.001 thres_0.0,1.0,0.0,wf_is_short,95768.98,-358.83,0.0,1.0,buyHold,1.0,buyHold,1.0,0.5,20170412 20:55:04 EDT
2017-04-13 00:00:00,0.000405421525729,0.00509851550712,0.00161514570617,2.0,94379.24,380.26,both_buyHold DPS wl3.0 maxL2 dd95_0.002 thres_0.0,2.0,0.0,wf_is_short,96158.44,389.46,0.0,1.0,buyHold,1.0,buyHold,1.0,0.5,20170413 20:15:01 EDT
2017-04-13 00:00:00,0.000488228953066,0.00386095904999,0.00161514570617,2.0,94132.35,379.26,both_buyHold DPS wl3.0 maxL2 dd95_0.002 thres_0.0,2.0,0.0,wf_is_short,96158.44,389.46,0.0,1.0,buyHold,1.0,buyHold,1.0,0.5,20170414 20:17:04 EDT
2017-04-17 00:00:00,-0.00169331379212,0.0,0.00186500961648,3.82893098803,95719.45,-2086.71,both_gainAhead_VotingSoft DPS wl4.0 maxL2 dd95_0.002 thres_0.0,1.0,0.0,wf_is_pv2e_p2p,95757.76,-2087.55,3.83046363841,1.0,gainAhead_VotingSoft,1.0,gainAhead_VotingSoft_f89_is22,1.0,0.5,20170417 20:32:25 EDT
2017-04-18 00:00:00,-0.00672786133764,0.0,0.00208514414057,3.82828819854,95703.38,-16.07,both_gainAhead_VotingSoft DPS wl5.0 maxL2 dd95_0.002 thres_0.0,1.0,0.0,wf_is_pv2e_p2p,95741.68,-16.08,3.82982040251,1.0,gainAhead_VotingSoft,-1.0,gainAhead_VotingSoft_f89_is22,1.0,0.5,20170418 20:17:20 EDT
2017-04-19 00:00:00,-0.00727316528747,0.0,0.00228416096288,3.82029868987,95503.65,-199.73,both_gainAhead_VotingSoft DPS wl6.0 maxL2 dd95_0.002 thres_0.0,1.0,0.0,wf_is_pv2e_p2p,95541.87,-199.81,3.82182755374,1.0,gainAhead_VotingSoft,1.0,gainAhead_VotingSoft_f89_is22,1.0,0.5,20170419 20:13:28 EDT
2017-04-20 00:00:00,-0.00849934998862,0.0,0.00246717581898,0.0,94575.85,-963.69,both_sellHold DPS wl7.0 maxL2 dd95_0.002 thres_0.0,1.0,0.0,wf_is_pv2e_p2p,94613.7,-964.08,0.0,1.0,sellHold,-1.0,sellHold,1.0,0.5,20170420 20:29:01 EDT
2017-04-21 00:00:00,-0.00957282138724,0.0,0.00263752189358,0.0,94312.84,-263.01,both_sellHold DPS wl8.0 maxL2 dd95_0.003 thres_0.0,1.0,0.0,wf_is_pv2e_p2p,94350.59,-263.11,0.0,1.0,sellHold,-1.0,sellHold,1.0,0.5,20170421 20:24:27 EDT
2017-04-24 00:00:00,-0.00273614160847,0.0,0.00279751442472,0.0,94954.83,641.99,both_sellHold DPS wl9.0 maxL2 dd95_0.003 thres_0.0,1.0,0.0,wf_is_pv2e_p2p,94992.84,642.25,0.0,1.0,sellHold,-1.0,sellHold,1.0,0.5,20170424 20:19:29 EDT
2017-04-25 00:00:00,-0.00902753005462,0.0,0.0029488391231,0.0,94267.89,-686.94,both_sellHold DPS wl10.0 maxL2 dd95_0.003 thres_0.0,1.0,0.0,wf_is_pv2e_p2p,94305.62,-687.22,0.0,1.0,sellHold,-1.0,sellHold,1.0,0.5,20170425 20:11:15 EDT
2017-04-26 00:00:00,-0.00121682747358,0.0,0.00114208048144,0.0,94232.25,-35.64,both_sellHold DPS wl1.5 maxL2 dd95_0.001 thres_0.0,1.0,0.0,wf_is_pv2e_p2p,94269.97,-35.65,0.0,1.0,sellHold,-1.0,sellHold,1.0,0.5,20170426 20:15:18 EDT
2017-04-27 00:00:00,-0.00587435430679,0.0,0.00131876094679,3.74608808082,93648.46,-1721.58,both_gainAhead_PCA10_VotingSoft DPS wl2.0 maxL2 dd95_0.001 thres_0.0,1.0,0.0,wf_is_pv3s_v2v,93685.95,-1722.27,3.74758777236,1.0,gainAhead_PCA10_VotingSoft,-1.0,gainAhead_PCA10_f10_is33,1.0,0.5,20170427 20:18:35 EDT
2017-04-28 00:00:00,-0.00491160387656,0.0,0.00114208048144,3.70221336224,92551.63,-1096.83,both_gainAhead_PCA10_VotingSoft DPS wl1.5 maxL2 dd95_0.001 thres_0.0,1.0,0.0,wf_is_pv3s_v2v,92588.68,-1097.27,3.70369545793,1.0,gainAhead_PCA10_VotingSoft,1.0,gainAhead_PCA10_f10_is14,1.0,0.5,20170428 20:16:47 EDT
2017-05-01 00:00:00,0.00127651982882,0.000110994900124,0.00131876094679,5.55873045911,92639.95,88.32,both_gainAhead_PCA10_VotingSoft DPS wl2.0 maxL2 dd95_0.001 thres_0.0,2.0,0.0,wf_is_pv3s_v2v,92678.89,90.21,3.70730380931,1.0,gainAhead_PCA10_VotingSoft,-1.0,gainAhead_PCA10_f10_is33,1.0,0.5,20170501 20:27:14 EDT
2017-05-02 00:00:00,-0.00683591778664,0.0,0.00161514570617,2.0,91652.29,-987.66,both_gainAhead_PCA10_VotingSoft DPS wl3.0 maxL2 dd95_0.002 thres_0.0,1.0,0.0,wf_is_pv3s_v2v,92185.85,-493.04,0.0,1.0,gainAhead_PCA10_VotingSoft,-1.0,gainAhead_PCA10_f10_is33,1.0,0.5,20170502 20:24:23 EDT
2017-05-03 00:00:00,0.00098269825346,0.00153824275071,0.00161514570617,2.0,92343.14,690.85,both_gainAhead_PCA10_VotingSoft DPS wl3.0 maxL2 dd95_0.002 thres_0.0,2.0,0.0,wf_is_pv3s_v2v,92882.73,696.88,0.0,1.0,gainAhead_PCA10_VotingSoft,-1.0,gainAhead_PCA10_f10_is33,1.0,0.5,20170503 20:14:56 EDT
2017-05-04 00:00:00,-0.0056089496475,0.0,0.00186500961648,2.0,92012.89,-330.25,both_gainAhead_PCA10_VotingSoft DPS wl4.0 maxL2 dd95_0.002 thres_0.0,1.0,0.0,wf_is_pv3s_v2v,92717.65,-165.08,0.0,1.0,gainAhead_PCA10_VotingSoft,-1.0,gainAhead_PCA10_f10_is33,1.0,0.5,20170504 20:13:57 EDT
2017-05-05 00:00:00,0.0358244370594,0.00437533029339,0.00208514414057,2.0,93340.19,1327.3,both_gainAhead_PCA10_VotingSoft DPS wl5.0 maxL2 dd95_0.002 thres_0.0,2.0,0.0,wf_is_pv3s_v2v,94057.13,1339.48,0.0,1.0,gainAhead_PCA10_VotingSoft,-1.0,gainAhead_PCA10_f10_is33,1.0,0.5,20170505 20:28:34 EDT
2017-05-08 00:00:00,0.013722345056,7.1e-05,0.00161514570617,0.0,94732.43,1392.24,both_gainAhead_PCA10_VotingSoft DPS wl3.0 maxL2 dd95_0.002 thres_0.0,2.0,0.0,wf_is_pv3s_v2v,94758.6,701.47,0.0,1.0,gainAhead_PCA10_VotingSoft,-1.0,gainAhead_PCA10_f10_is33,1.0,0.5,20170508 20:42:44 EDT
2017-05-09 00:00:00,-0.00419737567187,0.0,0.00186500961648,5.64860062596,94137.7,-594.73,both_gainAhead_PCA10_VotingSoft DPS wl4.0 maxL2 dd95_0.002 thres_0.0,1.0,0.0,wf_is_pv3s_v2v,94460.2,-298.4,3.7785590206,1.0,gainAhead_PCA10_VotingSoft,1.0,gainAhead_PCA10_f10_is33,1.0,0.5,20170509 20:17:35 EDT
2017-05-10 00:00:00,-0.00765422025865,0.0,0.00208514414057,0.0,96212.73,-1182.38,both_buyHold DPS wl5.0 maxL2 dd95_0.002 thres_0.0,1.0,0.0,wf_is_short,96345.22,-1184.0,0.0,1.0,buyHold,1.0,buyHold,1.0,0.5,20170510 20:09:37 EDT
2017-05-11 00:00:00,-0.00546038484774,0.0,0.00228416096288,3.76697738476,94170.67,-3436.41,both_gainAhead_VotingSoft DPS wl6.0 maxL2 dd95_0.002 thres_0.0,1.0,0.0,wf_is_pv3s_v2v,94300.32,-3441.14,3.77216354975,1.0,gainAhead_VotingSoft,1.0,gainAhead_VotingSoft_f100_is33,1.0,0.5,20170511 20:10:29 EDT
2017-05-12 00:00:00,-0.00494940086152,0.0,0.00114208048144,0.0,91503.48,-3603.44,both_zigZag_GNBayes DPS wl1.5 maxL2 dd95_0.001 thres_0.0,1.0,0.0,wf_is_short,91629.46,-3608.41,0.0,1.0,zigZag_GNBayes,-1.0,zigZag_GNBayes_f86_is12,1.0,0.5,20170512 20:18:16 EDT
2017-05-15 00:00:00,-0.00198216024939,0.0,0.00131876094679,3.39183242093,84792.42,-3372.05,both_zigZag_GNBayes DPS wl2.0 maxL2 dd95_0.001 thres_0.0,1.0,0.0,wf_is_short,88124.88,-3504.58,3.52513629516,1.0,zigZag_GNBayes,1.0,zigZag_GNBayes_f86_is3,1.0,0.5,20170515 20:15:01 EDT
2017-05-16 00:00:00,-0.00674807624413,0.0,0.00161514570617,0.0,85091.69,-4185.52,both_zigZag_GNBayes DPS wl3.0 maxL2 dd95_0.002 thres_0.0,1.0,0.0,wf_is_short,85089.98,-4185.44,0.0,1.0,zigZag_GNBayes,1.0,zigZag_GNBayes_f86_is4,1.0,0.5,20170516 20:17:41 EDT
2017-05-17 00:00:00,-0.00491780469651,0.0,0.00114208048144,3.35553408131,83885.0,-1206.69,both_zigZag_GNBayes DPS wl1.5 maxL2 dd95_0.001 thres_0.0,1.0,0.0,wf_is_short,83883.31,-1206.67,3.3554666486,1.0,zigZag_GNBayes,-1.0,zigZag_GNBayes_f86_is5,1.0,0.5,20170517 20:28:57 EDT
2017-05-18 00:00:00,0.04779085799,7.09986800175e-05,0.00131876094679,2.0,84856.1,971.1,both_zigZag_GNBayes DPS wl2.0 maxL2 dd95_0.001 thres_0.0,2.0,0.0,wf_is_short,84856.39,973.08,0.0,1.0,zigZag_GNBayes,-1.0,zigZag_GNBayes_f86_is3,1.0,0.5,20170518 20:27:12 EDT
2017-05-19 00:00:00,-0.00307600828103,0.0,0.00161514570617,0.0,93120.02,246.13,both_buyHold DPS wl3.0 maxL2 dd95_0.002 thres_0.0,1.0,0.0,wf_is_short,93118.16,246.13,0.0,1.0,buyHold,1.0,buyHold,1.0,0.5,20170520 22:59:00 EDT
2017-05-22 00:00:00,-0.0026597557507,0.0,0.00186500961648,3.67510553469,91873.96,-1246.06,both_gainAhead_PCA10_VotingSoft DPS wl4.0 maxL2 dd95_0.002 thres_0.0,1.0,0.0,wf_is_pv2e_p2p,91872.13,-1246.03,3.67503212732,1.0,gainAhead_PCA10_VotingSoft,-1.0,gainAhead_PCA10_f10_is14,1.0,0.5,20170522 20:25:55 EDT
2017-05-23 00:00:00,-0.0085937499097,0.0,0.00208514414057,0.0,91072.25,-805.39,both_buyHold DPS wl5.0 maxL2 dd95_0.002 thres_0.0,1.0,0.0,wf_is_short,91070.42,-805.38,0.0,1.0,buyHold,1.0,buyHold,1.0,0.5,20170523 20:13:21 EDT
2017-05-24 00:00:00,-0.00408000291358,0.0,0.00228416096288,0.0,91965.73,893.48,both_buyHold DPS wl6.0 maxL2 dd95_0.002 thres_0.0,1.0,0.0,wf_is_short,91963.88,893.46,0.0,1.0,buyHold,1.0,buyHold,1.0,0.5,20170524 20:28:50 EDT
2017-05-25 00:00:00,-0.00521839202932,0.0,0.00246717581898,0.0,92141.91,176.18,both_buyHold DPS wl7.0 maxL2 dd95_0.002 thres_0.0,1.0,0.0,wf_is_short,92140.06,176.18,0.0,1.0,buyHold,1.0,buyHold,1.0,0.5,20170525 20:18:08 EDT
2017-05-26 00:00:00,-0.00645116718683,0.0,0.00263752189358,0.0,91600.79,-541.12,both_buyHold DPS wl8.0 maxL2 dd95_0.003 thres_0.0,1.0,0.0,wf_is_short,91598.95,-541.11,0.0,1.0,buyHold,1.0,buyHold,1.0,0.5,20170526 20:24:08 EDT
2017-05-26 00:00:00,-0.0103923035388,0.0,0.00263752189358,0.0,91600.79,-541.12,both_buyHold DPS wl8.0 maxL2 dd95_0.003 thres_0.0,1.0,0.0,wf_is_short,91598.95,-541.11,0.0,1.0,buyHold,1.0,buyHold,1.0,0.5,20170529 20:13:20 EDT
2017-05-30 00:00:00,-0.00110555618941,0.0,0.00161514570617,0.0,91550.45,-50.34,both_buyHold DPS wl3.0 maxL2 dd95_0.002 thres_0.0,1.0,0.0,wf_is_short,91548.61,-50.34,0.0,1.0,buyHold,1.0,buyHold,1.0,0.5,20170530 20:49:09 EDT
2017-05-31 00:00:00,-0.0130506626445,0.0,0.00186500961648,0.0,91600.79,50.34,both_buyHold DPS wl4.0 maxL2 dd95_0.002 thres_0.0,1.0,0.0,wf_is_short,91598.95,50.34,0.0,1.0,buyHold,1.0,buyHold,1.0,0.5,20170531 20:19:41 EDT
2017-06-01 00:00:00,-0.00814842816562,0.0,0.00208514414057,0.0,92473.04,-910.87,both_gainAhead_PCA10_VotingSoft DPS wl5.0 maxL2 dd95_0.002 thres_0.0,1.0,0.0,wf_is_pv2e_p2p,92298.65,-909.16,0.0,1.0,gainAhead_PCA10_VotingSoft,-1.0,gainAhead_PCA10_f10_is14,1.0,0.5,20170601 20:26:40 EDT
2017-06-02 00:00:00,-0.00449810361532,0.0,0.00228416096288,2.0,91533.89,-958.38,both_buyHold DPS wl6.0 maxL2 dd95_0.002 thres_0.0,1.0,0.0,wf_is_short,92014.22,-478.19,0.0,1.0,buyHold,1.0,buyHold,1.0,0.5,20170602 20:37:18 EDT
2017-06-02 00:00:00,-0.00406850291423,0.0,0.00228416096288,2.0,91533.89,-958.38,both_buyHold DPS wl6.0 maxL2 dd95_0.002 thres_0.0,1.0,0.0,wf_is_short,92014.22,-478.19,0.0,1.0,buyHold,1.0,buyHold,1.0,0.5,20170605 20:48:07 EDT
2017-06-06 00:00:00,-0.00578900138243,0.0,0.00263752189358,0.0,90782.8,-112.66,both_buyHold DPS wl8.0 maxL2 dd95_0.003 thres_0.0,1.0,0.0,wf_is_short,91259.18,-113.26,0.0,1.0,buyHold,1.0,buyHold,1.0,0.5,20170606 20:21:15 EDT
2017-06-07 00:00:00,0.00226371973417,0.00136092261299,0.00161514570617,2.0,90981.09,198.29,both_buyHold DPS wl3.0 maxL2 dd95_0.002 thres_0.0,2.0,0.0,wf_is_short,91460.52,201.34,0.0,1.0,buyHold,1.0,buyHold,1.0,0.5,20170607 20:27:08 EDT
2017-06-08 00:00:00,-0.00790942673455,0.0,0.00186500961648,0.0,90732.55,-527.37,both_gainAhead_PCA10_VotingSoft DPS wl4.0 maxL2 dd95_0.002 thres_0.0,1.0,0.0,wf_is_pv2e_p2p,91273.69,-530.51,0.0,1.0,gainAhead_PCA10_VotingSoft,-1.0,gainAhead_PCA10_f10_is14,1.0,0.5,20170608 20:55:57 EDT
2017-06-09 00:00:00,-0.00447576701728,0.0,0.00208514414057,2.0,90494.63,-1537.98,both_buyHold DPS wl5.0 maxL2 dd95_0.002 thres_0.0,1.0,0.0,wf_is_short,91221.43,-767.62,0.0,1.0,buyHold,1.0,buyHold,1.0,0.5,20170609 20:13:21 EDT
2017-06-12 00:00:00,-0.0025335845541,0.0,0.00228416096288,0.0,98434.93,67.85,both_gainAhead_PCA10_VotingSoft DPS wl6.0 maxL2 dd95_0.002 thres_0.0,1.0,0.0,wf_is_pv3s_v2v,98432.96,67.85,0.0,1.0,gainAhead_PCA10_VotingSoft,-1.0,gainAhead_PCA10_f10_is23,1.0,0.5,20170612 20:22:36 EDT
2017-06-13 00:00:00,-0.00660185645218,0.0,0.00246717581898,3.95046524694,98757.68,-856.53,both_gainAhead_VotingSoft DPS wl7.0 maxL2 dd95_0.002 thres_0.0,1.0,0.0,wf_is_pv2e_p2p,99028.8,-858.88,3.96131042385,1.0,gainAhead_VotingSoft,-1.0,gainAhead_VotingSoft_f95_is23,1.0,0.5,20170613 20:29:10 EDT
2017-06-14 00:00:00,-0.009140442765,0.0,0.00263752189358,0.0,97565.27,-1196.36,both_buyHold DPS wl8.0 maxL2 dd95_0.003 thres_0.0,1.0,0.0,wf_is_short,97833.12,-1199.64,0.0,1.0,buyHold,1.0,buyHold,1.0,0.5,20170614 20:20:53 EDT
2017-06-15 00:00:00,-0.0105985708176,0.0,0.00279751442472,0.0,95530.08,-2035.19,both_buyHold DPS wl9.0 maxL2 dd95_0.003 thres_0.0,1.0,0.0,wf_is_short,95792.34,-2040.78,0.0,1.0,buyHold,1.0,buyHold,1.0,0.5,20170615 20:12:52 EDT
2017-06-16 00:00:00,-0.00906014349995,0.0,0.0029488391231,0.0,95378.82,-151.26,both_buyHold DPS wl10.0 maxL2 dd95_0.003 thres_0.0,1.0,0.0,wf_is_short,95640.66,-151.68,0.0,1.0,buyHold,1.0,buyHold,1.0,0.5,20170616 20:15:52 EDT
2017-06-19 00:00:00,-0.00344098245668,0.0,0.00309276856414,0.0,94938.78,-440.04,both_buyHold DPS wl11.0 maxL2 dd95_0.003 thres_0.0,1.0,0.0,wf_is_short,95199.41,-441.25,0.0,1.0,buyHold,1.0,buyHold,1.0,0.5,20170619 21:07:33 EDT
2017-06-20 00:00:00,-0.00927350847895,0.0,0.00323029141235,0.0,94842.52,-96.26,both_buyHold DPS wl12.0 maxL2 dd95_0.003 thres_0.0,1.0,0.0,wf_is_short,95102.89,-96.52,0.0,1.0,buyHold,1.0,buyHold,1.0,0.5,20170620 20:15:46 EDT
2017-06-21 00:00:00,-0.0116998464865,0.0,0.00336219390073,0.0,93742.42,-1100.1,both_buyHold DPS wl13.0 maxL2 dd95_0.003 thres_0.0,1.0,0.0,wf_is_short,93999.77,-1103.12,0.0,1.0,buyHold,1.0,buyHold,1.0,0.5,20170621 20:15:59 EDT
2017-06-22 00:00:00,-0.0132050412395,0.0,0.00348911350395,0.0,91775.99,-1966.43,both_buyHold DPS wl14.0 maxL2 dd95_0.003 thres_0.0,1.0,0.0,wf_is_short,92027.94,-1971.83,0.0,1.0,buyHold,1.0,buyHold,1.0,0.5,20170622 20:18:16 EDT
2017-06-23 00:00:00,-0.00985594899132,0.0,0.00361157559257,3.77843576566,94457.12,390.87,both_gainAhead_PCA10_GNBayes DPS wl15.0 maxL2 dd95_0.004 thres_0.0,1.0,0.0,wf_is_short,94455.23,390.86,3.77836025016,1.0,gainAhead_PCA10_GNBayes,-1.0,gainAhead_PCA10_f10_is28,1.0,0.5,20170623 20:21:07 EDT
2017-06-26 00:00:00,-0.00491328860324,0.0,0.00373001923296,0.0,94161.15,-295.97,both_gainAhead_PCA10_GNBayes DPS wl16.0 maxL2 dd95_0.004 thres_0.0,1.0,0.0,wf_is_short,94159.26,-295.97,0.0,1.0,gainAhead_PCA10_GNBayes,-1.0,gainAhead_PCA10_f10_is29,1.0,0.5,20170626 20:20:29 EDT
2017-06-27 00:00:00,-0.0130437445931,0.0,0.00384481582077,0.0,93488.87,-672.28,both_gainAhead_PCA10_GNBayes DPS wl17.0 maxL2 dd95_0.004 thres_0.0,1.0,0.0,wf_is_short,93486.99,-672.27,0.0,1.0,gainAhead_PCA10_GNBayes,-1.0,gainAhead_PCA10_f10_is30,1.0,0.5,20170627 20:18:56 EDT
2017-06-28 00:00:00,-0.00334112163825,0.0,0.00161514570617,3.7428685393,93567.97,79.1,both_gainAhead_PCA10_GNBayes DPS wl3.0 maxL2 dd95_0.002 thres_0.0,1.0,0.0,wf_is_short,93566.09,79.1,3.74279327266,1.0,gainAhead_PCA10_GNBayes,1.0,gainAhead_PCA10_f10_is31,1.0,0.5,20170628 20:51:20 EDT
2017-06-29 00:00:00,-0.0136979120574,0.0,0.00406469422349,0.0,93000.89,-567.08,both_gainAhead_PCA10_GNBayes DPS wl19.0 maxL2 dd95_0.004 thres_0.0,1.0,0.0,wf_is_short,92999.02,-567.07,0.0,1.0,gainAhead_PCA10_GNBayes,1.0,gainAhead_PCA10_f10_is32,1.0,0.5,20170629 20:35:05 EDT
2017-06-30 00:00:00,-0.0147041170815,0.0,0.00417028828114,3.79472400065,94864.31,1863.42,both_gainAhead_PCA10_GNBayes DPS wl20.0 maxL2 dd95_0.004 thres_0.0,1.0,0.0,wf_is_short,94862.4,1863.38,3.79464769887,1.0,gainAhead_PCA10_GNBayes,-1.0,gainAhead_PCA10_f10_is33,1.0,0.5,20170630 20:17:55 EDT
2017-07-03 00:00:00,-0.00164095065742,0.0,0.00114208048144,3.79387260942,94843.02,-1606.84,both_zigZag_VotingSoft DPS wl1.5 maxL2 dd95_0.001 thres_0.0,1.0,0.0,wf_is_pv3s_v2v,94841.13,-1606.81,3.79379708587,1.0,zigZag_VotingSoft,-1.0,zigZag_VotingSoft_f99_is31,1.0,0.5,20170703 20:20:11 EDT
2017-07-03 00:00:00,-0.00164095065742,0.0,0.00114208048144,3.79387260942,94843.02,-1606.84,both_zigZag_VotingSoft DPS wl1.5 maxL2 dd95_0.001 thres_0.0,1.0,0.0,wf_is_pv3s_v2v,94841.13,-1606.81,3.79379708587,1.0,zigZag_VotingSoft,-1.0,zigZag_VotingSoft_f99_is31,1.0,0.5,20170704 20:19:21 EDT
2017-07-05 00:00:00,-0.00303062276069,0.0,0.00246717581898,0.0,94547.73,-295.29,both_zigZag_VotingSoft DPS wl7.0 maxL2 dd95_0.002 thres_0.0,1.0,0.0,wf_is_pv3s_v2v,94545.85,-295.28,0.0,1.0,zigZag_VotingSoft,-1.0,zigZag_VotingSoft_f93_is20,1.0,0.5,20170705 20:14:25 EDT
2017-07-06 00:00:00,-0.00923434758399,0.0,0.00263752189358,0.0,93583.53,-964.2,both_zigZag_VotingSoft DPS wl8.0 maxL2 dd95_0.003 thres_0.0,1.0,0.0,wf_is_pv3s_v2v,93581.67,-964.18,0.0,1.0,zigZag_VotingSoft,-1.0,zigZag_VotingSoft_f93_is20,1.0,0.5,20170706 20:20:48 EDT
2017-07-07 00:00:00,-0.00522290373918,0.0,0.00161514570617,0.0,93254.93,-328.6,both_zigZag_VotingSoft DPS wl3.0 maxL2 dd95_0.002 thres_0.0,1.0,0.0,wf_is_pv3s_v2v,93253.07,-328.6,0.0,1.0,zigZag_VotingSoft,-1.0,zigZag_VotingSoft_f99_is31,1.0,0.5,20170707 20:38:32 EDT
2017-07-10 00:00:00,-0.00227744146949,0.0,0.00161514570617,2.0,93005.23,-3666.48,both_buyHold DPS wl3.0 maxL2 dd95_0.002 thres_0.0,1.0,0.0,wf_is_short,94839.57,-1832.24,0.0,1.0,buyHold,1.0,buyHold,1.0,0.5,20170710 20:28:58 EDT
2017-07-11 00:00:00,-0.0158673286812,0.0,0.00114208048144,2.0,93945.21,-1075.2,both_zigZag_VotingSoft DPS wl1.5 maxL2 dd95_0.001 thres_0.0,1.0,0.0,wf_is_pv3s_v2v,94483.91,-536.6,0.0,1.0,zigZag_VotingSoft,-1.0,zigZag_VotingSoft_f99_is31,1.0,0.5,20170711 20:15:36 EDT
2017-07-12 00:00:00,-0.0250805744789,0.0,0.00131876094679,2.0,92420.75,-1107.7,both_buyHold DPS wl2.0 maxL2 dd95_0.001 thres_0.0,1.0,0.0,wf_is_short,94811.38,-563.77,0.0,1.0,buyHold,1.0,buyHold,1.0,0.5,20170712 20:16:21 EDT
2017-07-13 00:00:00,-0.00698365887098,0.0,0.00161514570617,0.0,91184.26,-1236.49,both_buyHold DPS wl3.0 maxL2 dd95_0.002 thres_0.0,1.0,0.0,wf_is_short,93542.91,-1268.47,0.0,1.0,buyHold,1.0,buyHold,1.0,0.5,20170713 20:30:56 EDT
2017-07-14 00:00:00,-0.00549208529194,0.0,0.00186500961648,0.0,90911.13,286.74,both_buyHold DPS wl4.0 maxL2 dd95_0.002 thres_0.0,1.0,0.0,wf_is_short,93838.89,295.98,0.0,1.0,buyHold,1.0,buyHold,1.0,0.5,20170714 20:35:59 EDT
2017-07-17 00:00:00,-0.00243984956682,0.0,0.00208514414057,2.0,91616.56,-3368.86,both_gainAhead_GNBayes DPS wl5.0 maxL2 dd95_0.002 thres_0.0,1.0,0.0,wf_is_short,94162.93,-1698.96,0.0,1.0,gainAhead_GNBayes,-1.0,gainAhead_GNBayes_f86_is10,1.0,0.5,20170717 20:35:48 EDT
2017-07-18 00:00:00,-0.00578772136005,0.0,0.00131876094679,0.0,92666.65,-633.38,both_gainAhead_GNBayes DPS wl2.0 maxL2 dd95_0.001 thres_0.0,1.0,0.0,wf_is_short,93523.69,-639.24,0.0,1.0,gainAhead_GNBayes,-1.0,gainAhead_GNBayes_f86_is3,1.0,0.5,20170718 21:09:04 EDT
2017-07-19 00:00:00,-0.00455425351511,0.0,0.00161514570617,0.0,97091.46,-156.81,both_zigZag_GNBayes DPS wl3.0 maxL2 dd95_0.002 thres_0.0,1.0,0.0,wf_is_short,97089.54,-156.8,0.0,1.0,zigZag_GNBayes,1.0,zigZag_GNBayes_f86_is4,1.0,0.5,20170719 20:09:29 EDT
2017-07-20 00:00:00,-0.0069069366709,0.0,0.00186500961648,0.0,96164.72,-1244.25,both_zigZag_PCA10_VotingSoft DPS wl4.0 maxL2 dd95_0.002 thres_0.0,1.0,0.0,wf_is_pv3s_v2v,96162.82,-1244.22,0.0,1.0,zigZag_PCA10_VotingSoft,-1.0,zigZag_PCA10_f10_is31,1.0,0.5,20170720 20:19:31 EDT
2017-07-21 00:00:00,-0.00389746554206,0.0,0.00208514414057,3.87781654323,96941.54,776.82,both_gainAhead_PCA10_VotingSoft DPS wl5.0 maxL2 dd95_0.002 thres_0.0,1.0,0.0,wf_is_pv3s_v2v,96939.62,776.8,3.87773992624,1.0,gainAhead_PCA10_VotingSoft,1.0,gainAhead_PCA10_f10_is45,1.0,0.5,20170721 20:24:53 EDT
2017-07-24 00:00:00,-0.0018154366892,0.0,0.00114208048144,0.0,96757.35,-184.19,both_gainAhead_PCA10_VotingSoft DPS wl1.5 maxL2 dd95_0.001 thres_0.0,1.0,0.0,wf_is_pv3s_v2v,96755.43,-184.19,0.0,1.0,gainAhead_PCA10_VotingSoft,1.0,gainAhead_PCA10_f10_is45,1.0,0.5,20170724 20:24:46 EDT
2017-07-25 00:00:00,-0.00571139488958,0.0,0.00131876094679,2.0,95589.55,-1538.06,both_zigZag_PCA10_VotingSoft DPS wl2.0 maxL2 dd95_0.001 thres_0.0,1.0,0.0,wf_is_pv3s_v2v,96359.67,-768.03,0.0,1.0,zigZag_PCA10_VotingSoft,-1.0,zigZag_PCA10_f10_is45,1.0,0.5,20170725 20:32:12 EDT
2017-07-26 00:00:00,-0.0064248936498,0.0,0.00161514570617,2.0,96299.98,-1220.47,both_gainAhead_PCA10_VotingSoft DPS wl3.0 maxL2 dd95_0.002 thres_0.0,1.0,0.0,wf_is_pv3s_v2v,96911.28,-609.24,0.0,1.0,gainAhead_PCA10_VotingSoft,1.0,gainAhead_PCA10_f10_is31,1.0,0.5,20170726 20:25:13 EDT
2017-07-27 00:00:00,-0.00478869785927,0.0,0.00186500961648,0.0,95497.66,-689.06,both_zigZag_PCA10_VotingSoft DPS wl4.0 maxL2 dd95_0.002 thres_0.0,1.0,0.0,wf_is_pv3s_v2v,96267.05,-694.61,0.0,1.0,zigZag_PCA10_VotingSoft,-1.0,zigZag_PCA10_f10_is45,1.0,0.5,20170727 20:17:06 EDT
2017-07-28 00:00:00,-0.00348402534631,0.0,0.00161514570617,0.0,95622.42,124.76,both_zigZag_PCA10_VotingSoft DPS wl3.0 maxL2 dd95_0.002 thres_0.0,1.0,0.0,wf_is_pv3s_v2v,96392.82,125.77,0.0,1.0,zigZag_PCA10_VotingSoft,-1.0,zigZag_PCA10_f10_is31,1.0,0.5,20170728 20:22:00 EDT
2017-07-31 00:00:00,-0.00512010746591,0.0,0.00186500961648,3.82156113419,95535.21,-87.21,both_zigZag_VotingSoft DPS wl4.0 maxL2 dd95_0.002 thres_0.0,1.0,0.0,wf_is_pv2e_p2p,96304.9,-87.92,3.85235025977,1.0,zigZag_VotingSoft,1.0,zigZag_VotingSoft_f100_is34,1.0,0.5,20170731 20:17:47 EDT
2017-08-01 00:00:00,-0.0063349538942,0.0,0.00208514414057,0.0,94914.68,-624.35,both_zigZag_PCA10_VotingSoft DPS wl5.0 maxL2 dd95_0.002 thres_0.0,1.0,0.0,wf_is_pv3s_v2v,95679.38,-629.38,0.0,1.0,zigZag_PCA10_VotingSoft,-1.0,zigZag_PCA10_f10_is31,1.0,0.5,20170801 20:24:37 EDT
2017-08-03 00:00:00,-0.00851929911558,0.0,0.00246717581898,3.73044649918,93257.43,-243.0,both_gainAhead_GNBayes DPS wl7.0 maxL2 dd95_0.002 thres_0.0,1.0,0.0,wf_is_short,94008.78,-244.96,3.76050179039,1.0,gainAhead_GNBayes,-1.0,gainAhead_GNBayes_f86_is15,1.0,0.5,20170804 06:51:03 EDT
2017-08-04 00:00:00,-0.00961892553704,0.0,0.00263752189358,3.70583972121,92642.29,-615.14,both_gainAhead_GNBayes DPS wl8.0 maxL2 dd95_0.003 thres_0.0,1.0,0.0,wf_is_short,93388.68,-620.1,3.73569667389,1.0,gainAhead_GNBayes,1.0,gainAhead_GNBayes_f86_is16,1.0,0.5,20170804 20:20:52 EDT
