2017-12-27 00:00:00,Contract,LastClose,ATR20,LastPctChg,ACT,0.75LastSIG,0.5LastSIG,1LastSIG,prevSEA,prevSRUN,prevvSTART,usdATR,QTY,QTY_MINI,QTY_MICRO,contractValue,FX,PC2017-12-27 00:00:00,Close2017-12-27 00:00:00,group,RiskOn,Custom,vSTART,LastSEA,SEA2017-12-27 00:00:00,LastSRUN,SRUN2017-12-27 00:00:00,prevACT,LastSIG,LastSAFEf,finalQTY,SIG2017-12-26 00:00:00,0.5LastSAFEf,0.5finalQTY,0.5SIG2017-12-26 00:00:00,0.5SIG2017-12-22 00:00:00,0.75LastSAFEf,0.75finalQTY,0.75SIG2017-12-26 00:00:00,0.75SIG2017-12-22 00:00:00,1LastSAFEf,1finalQTY,1SIG2017-12-26 00:00:00,1SIG2017-12-22 00:00:00,None,RiskOff,AntiCustom,Anti1LastSIG,Anti0.75LastSIG,Anti0.5LastSIG,AntiSEA,AntiPrevACT,AdjSEA,AntiAdjSEA,Voting,Voting2,Voting3,Voting7,Voting8,Voting9,Voting10,Voting11,Voting12,Voting13,Voting14,Voting15,Voting4,Voting5,Voting6,chgValue,PNL_ACT,PNL_prevACT,PNL_AntiPrevACT,PNL_RiskOn,PNL_RiskOff,PNL_Custom,PNL_AntiCustom,PNL_LastSIG,PNL_0.75LastSIG,PNL_0.5LastSIG,PNL_1LastSIG,PNL_Anti1LastSIG,PNL_Anti0.75LastSIG,PNL_Anti0.5LastSIG,PNL_prevSEA,PNL_LastSEA,PNL_AntiSEA,PNL_AdjSEA,PNL_AntiAdjSEA,PNL_Voting,PNL_Voting2,PNL_Voting3,PNL_Voting4,PNL_Voting5,PNL_Voting6,PNL_Voting7,PNL_Voting8,PNL_Voting9,PNL_Voting10,PNL_Voting11,PNL_Voting12,PNL_Voting13,PNL_Voting14,PNL_Voting15
AC,@ACG8,1.325,0.022631712,0.00151171579743,1.0,1.0,-1.0,1.0,-1.0,14.0,2017-12-15,656.319648,1.0,1.0,1.0,38425.0,1.0,0.00151171579743,1.325,energy,1.0,1.0,2017-12-15,-1.0,-1.0,15.0,15.0,-1.0,1.0,1.0,0.0,1.0,1.0,0.0,-1.0,,1.0,0.0,1.0,,1.0,0.0,1.0,,0,-1,-1,-1,-1,1,1,1,1,-1,-1,1,1,1,1,1.0,1.0,1.0,1.0,1.0,-1.0,-1,1,0.0,0,0.0,0.0,-0.0,0.0,0.0,-0.0,0.0,-0.0,0.0,0.0,-0.0,0.0,-0.0,-0.0,0.0,-0.0,-0.0,0.0,0.0,-0.0,-0.0,0.0,0.0,0.0,0.0,0.0,0.0,0.0,0.0,0.0,0.0,0.0,0.0,-0.0,-0.0
AD,@ADH8,0.7776,0.0047286985,0.00595084087969,1.0,1.0,-1.0,1.0,1.0,4.0,2017-12-19,472.86985,2.0,1.0,1.0,77760.0,1.0,0.00595084087969,0.7776,currency,1.0,1.0,2017-12-19,1.0,1.0,5.0,5.0,1.0,1.0,1.0,2.0,1.0,1.0,2.0,-1.0,,2.0,2.0,1.0,,2.0,2.0,1.0,,0,-1,-1,-1,-1,1,-1,-1,1,-1,1,-1,-1,-1,-1,-1.0,-1.0,-1.0,1.0,1.0,1.0,-1,-1,0.0,-1,925.474773609,925.474773609,925.474773609,-925.474773609,925.474773609,-925.474773609,925.474773609,-925.474773609,925.474773609,925.474773609,-925.474773609,925.474773609,-925.474773609,-925.474773609,925.474773609,925.474773609,925.474773609,-925.474773609,925.474773609,-925.474773609,925.474773609,-925.474773609,-925.474773609,-925.474773609,0.0,-925.474773609,-925.474773609,-925.474773609,-925.474773609,-925.474773609,-925.474773609,925.474773609,925.474773609,925.474773609,-925.474773609
AEX,AEXF8,548.5,4.8647555845,0.00018234865062,1.0,-1.0,-1.0,-1.0,1.0,15.0,2017-12-01,1156.74158288,1.0,1.0,1.0,130422.33,0.841113634452,0.00018234865062,548.5,index,1.0,1.0,2017-12-01,1.0,1.0,16.0,16.0,-1.0,1.0,1.0,0.0,1.0,1.0,0.0,,-1.0,1.0,0.0,,-1.0,1.0,0.0,,-1.0,0,-1,-1,1,1,1,-1,1,1,-1,1,1,1,-1,1,1.0,0.0,1.0,1.0,-1.0,1.0,-1,1,1.0,1,0.0,0.0,-0.0,0.0,0.0,-0.0,0.0,-0.0,0.0,-0.0,-0.0,-0.0,0.0,0.0,0.0,0.0,0.0,-0.0,0.0,-0.0,0.0,0.0,0.0,0.0,0.0,0.0,-0.0,0.0,0.0,0.0,0.0,0.0,-0.0,0.0,-0.0
BO,@BOH8,33.27,0.492425733,-0.00448833034111,-1.0,-1.0,-1.0,-1.0,-1.0,-5.0,2017-12-18,295.4554398,3.0,1.0,1.0,19962.0,1.0,-0.00448833034111,33.27,grain,1.0,1.0,2017-12-18,-1.0,-1.0,-6.0,-6.0,1.0,1.0,1.0,3.0,1.0,2.0,3.0,-1.0,,2.0,3.0,-1.0,,2.0,3.0,-1.0,,0,-1,-1,1,1,1,1,-1,-1,1,1,-1,1,1,-1,1.0,0.0,1.0,-1.0,1.0,1.0,1,0,1.0,1,-268.788150808,268.788150808,-268.788150808,268.788150808,-268.788150808,268.788150808,-268.788150808,268.788150808,-268.788150808,268.788150808,268.788150808,268.788150808,-268.788150808,-268.788150808,-268.788150808,268.788150808,268.788150808,-268.788150808,268.788150808,-268.788150808,-268.788150808,268.788150808,-268.788150808,-0.0,-268.788150808,-268.788150808,-268.788150808,268.788150808,-268.788150808,-0.0,-268.788150808,268.788150808,-268.788150808,-268.788150808,-268.788150808
BP,@BPH8,1.344,0.0092966935,0.000670091579183,1.0,-1.0,-1.0,-1.0,-1.0,9.0,2017-12-12,581.04334375,1.0,1.0,1.0,84000.0,1.0,0.000670091579183,1.344,currency,1.0,1.0,2017-12-12,-1.0,-1.0,10.0,10.0,-1.0,1.0,1.0,1.0,1.0,1.0,1.0,-1.0,,1.0,1.0,-1.0,,1.0,1.0,-1.0,,0,-1,-1,1,1,1,1,1,1,-1,-1,1,1,1,1,1.0,1.0,1.0,1.0,0.0,0.0,1,1,1.0,1,56.2876926513,56.2876926513,-56.2876926513,56.2876926513,56.2876926513,-56.2876926513,56.2876926513,-56.2876926513,56.2876926513,-56.2876926513,-56.2876926513,-56.2876926513,56.2876926513,56.2876926513,56.2876926513,-56.2876926513,-56.2876926513,56.2876926513,56.2876926513,-56.2876926513,-56.2876926513,56.2876926513,56.2876926513,56.2876926513,56.2876926513,56.2876926513,56.2876926513,56.2876926513,56.2876926513,56.2876926513,56.2876926513,56.2876926513,0.0,0.0,56.2876926513
C,@CH8,353.75,3.45,0.00283486888731,1.0,-1.0,1.0,-1.0,1.0,-69.0,2017-09-18,172.5,5.0,1.0,1.0,17687.5,1.0,0.00283486888731,353.75,grain,1.0,1.0,2017-09-18,1.0,1.0,-70.0,-70.0,1.0,1.0,1.0,5.0,1.0,2.0,5.0,1.0,,1.0,5.0,-1.0,,1.0,5.0,-1.0,,0,-1,-1,1,1,-1,-1,-1,1,-1,1,1,-1,1,1,-1.0,0.0,0.0,-1.0,0.0,1.0,-1,1,1.0,0,250.708717222,250.708717222,250.708717222,-250.708717222,250.708717222,-250.708717222,250.708717222,-250.708717222,250.708717222,-250.708717222,250.708717222,-250.708717222,250.708717222,250.708717222,-250.708717222,250.708717222,250.708717222,-250.708717222,250.708717222,-250.708717222,250.708717222,250.708717222,-250.708717222,250.708717222,250.708717222,0.0,250.708717222,250.708717222,-250.708717222,0.0,0.0,-250.708717222,0.0,250.708717222,-250.708717222
CC,@CCH8,1866.0,52.6,0.00538793103448,1.0,-1.0,-1.0,-1.0,1.0,15.0,2017-12-04,526.0,1.0,1.0,1.0,18660.0,1.0,0.00538793103448,1866.0,soft,1.0,1.0,2017-12-04,1.0,1.0,16.0,16.0,1.0,1.0,1.0,0.0,1.0,1.0,0.0,-1.0,,1.0,0.0,-1.0,,2.0,0.0,-1.0,,0,-1,-1,1,1,1,-1,-1,1,-1,1,-1,-1,-1,-1,-1.0,-1.0,0.0,-1.0,0.0,1.0,-1,-1,0.0,-1,0.0,0.0,0.0,-0.0,0.0,-0.0,0.0,-0.0,0.0,-0.0,-0.0,-0.0,0.0,0.0,0.0,0.0,0.0,-0.0,0.0,-0.0,0.0,-0.0,-0.0,-0.0,0.0,-0.0,-0.0,-0.0,-0.0,-0.0,0.0,-0.0,0.0,0.0,-0.0
CD,@CDH8,0.79225,0.005484814,0.00361033696478,1.0,1.0,-1.0,1.0,1.0,16.0,2017-12-19,548.4814,1.0,1.0,1.0,79225.0,1.0,0.00361033696478,0.79225,currency,1.0,1.0,2017-12-19,1.0,1.0,17.0,17.0,1.0,1.0,1.0,1.0,1.0,1.0,1.0,-1.0,,2.0,1.0,1.0,,2.0,1.0,1.0,,0,-1,-1,-1,-1,1,-1,-1,1,-1,1,-1,-1,-1,-1,-1.0,-1.0,-1.0,1.0,1.0,1.0,-1,-1,0.0,-1,286.028946035,286.028946035,286.028946035,-286.028946035,286.028946035,-286.028946035,286.028946035,-286.028946035,286.028946035,286.028946035,-286.028946035,286.028946035,-286.028946035,-286.028946035,286.028946035,286.028946035,286.028946035,-286.028946035,286.028946035,-286.028946035,286.028946035,-286.028946035,-286.028946035,-286.028946035,0.0,-286.028946035,-286.028946035,-286.028946035,-286.028946035,-286.028946035,-286.028946035,286.028946035,286.028946035,286.028946035,-286.028946035
CGB,CBH8,135.44,0.59,0.00363097443498,1.0,1.0,1.0,-1.0,-1.0,11.0,2017-12-07,466.18204804,2.0,1.0,1.0,107016.434893,1.2656,0.00363097443498,135.44,rates,-1.0,1.0,2017-12-07,-1.0,-1.0,12.0,12.0,-1.0,-1.0,1.0,0.0,-1.0,1.0,0.0,,1.0,1.0,0.0,,1.0,2.0,0.0,,-1.0,0,1,-1,1,-1,-1,1,1,-1,1,-1,1,1,1,1,1.0,1.0,0.0,-1.0,0.0,-1.0,1,1,0.0,1,0.0,0.0,-0.0,0.0,-0.0,0.0,0.0,-0.0,-0.0,0.0,0.0,-0.0,0.0,-0.0,-0.0,-0.0,-0.0,0.0,-0.0,0.0,-0.0,0.0,0.0,0.0,0.0,0.0,0.0,0.0,0.0,0.0,0.0,-0.0,0.0,-0.0,0.0
CL,QCLG8,59.64,1.01589894,-0.00550275137569,-1.0,1.0,-1.0,1.0,1.0,11.0,2017-12-08,1015.89894,1.0,1.0,1.0,59640.0,1.0,-0.00550275137569,59.64,energy,1.0,1.0,2017-12-08,1.0,1.0,12.0,12.0,1.0,1.0,1.0,1.0,1.0,1.0,1.0,-1.0,,2.0,1.0,1.0,,2.0,1.0,1.0,,0,-1,-1,-1,-1,1,-1,-1,1,-1,1,-1,-1,-1,-1,-1.0,-1.0,-1.0,1.0,1.0,1.0,-1,-1,0.0,-1,-328.184092046,328.184092046,-328.184092046,328.184092046,-328.184092046,328.184092046,-328.184092046,328.184092046,-328.184092046,-328.184092046,328.184092046,-328.184092046,328.184092046,328.184092046,-328.184092046,-328.184092046,-328.184092046,328.184092046,-328.184092046,328.184092046,-328.184092046,328.184092046,328.184092046,328.184092046,-0.0,328.184092046,328.184092046,328.184092046,328.184092046,328.184092046,328.184092046,-328.184092046,-328.184092046,-328.184092046,328.184092046
CT,@CTH8,78.95,1.218,0.0196306341211,1.0,-1.0,-1.0,1.0,1.0,45.0,2017-10-20,609.0,1.0,1.0,1.0,39475.0,1.0,0.0196306341211,78.95,soft,1.0,1.0,2017-10-20,1.0,1.0,46.0,46.0,-1.0,1.0,1.0,0.0,1.0,1.0,0.0,-1.0,,1.0,0.0,-1.0,,2.0,0.0,1.0,,0,-1,-1,-1,1,1,-1,1,1,-1,-1,1,1,-1,1,1.0,0.0,1.0,1.0,-1.0,0.0,-1,1,1.0,0,0.0,0.0,-0.0,0.0,0.0,-0.0,0.0,-0.0,0.0,-0.0,-0.0,0.0,-0.0,0.0,0.0,0.0,0.0,-0.0,0.0,-0.0,-0.0,0.0,0.0,0.0,0.0,0.0,-0.0,0.0,0.0,0.0,0.0,0.0,-0.0,0.0,-0.0
CU,@EUH8,1.19695,0.0065759245,0.00238673477933,1.0,-1.0,-1.0,1.0,-1.0,9.0,2017-12-12,821.9905625,1.0,1.0,1.0,149618.75,1.0,0.00238673477933,1.19695,currency,1.0,1.0,2017-12-12,-1.0,-1.0,-22.0,-22.0,1.0,1.0,1.0,1.0,1.0,1.0,1.0,-1.0,,1.0,1.0,-1.0,,2.0,1.0,1.0,,0,-1,-1,-1,1,1,1,-1,-1,1,-1,-1,1,1,-1,1.0,0.0,1.0,-1.0,1.0,0.0,1,-1,-1.0,0,357.100274265,357.100274265,357.100274265,-357.100274265,357.100274265,-357.100274265,357.100274265,-357.100274265,357.100274265,-357.100274265,-357.100274265,357.100274265,-357.100274265,357.100274265,357.100274265,-357.100274265,-357.100274265,357.100274265,-357.100274265,357.100274265,-357.100274265,-357.100274265,357.100274265,-357.100274265,-357.100274265,0.0,357.100274265,-357.100274265,357.100274265,0.0,357.100274265,-357.100274265,357.100274265,0.0,357.100274265
DX,@DXH8,92.612,0.418253608,-0.00203661598474,-1.0,-1.0,-1.0,-1.0,1.0,21.0,2017-11-24,418.253608,2.0,1.0,1.0,92612.0,1.0,-0.00203661598474,92.612,currency,-1.0,-1.0,2017-12-12,-1.0,-1.0,-10.0,-10.0,-1.0,-1.0,1.0,0.0,-1.0,1.0,0.0,-1.0,,1.0,0.0,-1.0,,1.0,0.0,-1.0,,0,1,1,1,1,1,-1,1,1,-1,1,1,1,-1,-1,-1.0,-1.0,0.0,1.0,-1.0,0.0,1,1,1.0,1,-0.0,0.0,0.0,-0.0,0.0,-0.0,0.0,-0.0,0.0,0.0,0.0,0.0,-0.0,-0.0,-0.0,-0.0,0.0,0.0,-0.0,0.0,-0.0,-0.0,-0.0,-0.0,-0.0,-0.0,0.0,0.0,0.0,0.0,-0.0,-0.0,0.0,-0.0,-0.0
EBL,BDH8,162.29,0.5871905315,0.00321444025468,1.0,-1.0,-1.0,-1.0,1.0,11.0,2017-12-07,698.1108229,1.0,1.0,1.0,192946.581,0.841113634452,0.00321444025468,162.29,rates,-1.0,1.0,2017-12-07,-1.0,-1.0,12.0,12.0,1.0,-1.0,1.0,0.0,-1.0,1.0,0.0,,-1.0,2.0,0.0,,-1.0,2.0,0.0,,-1.0,0,1,-1,1,1,1,-1,-1,-1,1,1,-1,-1,-1,-1,-1.0,-1.0,-1.0,-1.0,-1.0,1.0,1,-1,0.0,0,0.0,0.0,0.0,-0.0,-0.0,0.0,0.0,-0.0,-0.0,-0.0,-0.0,-0.0,0.0,0.0,0.0,0.0,-0.0,-0.0,-0.0,0.0,0.0,-0.0,-0.0,-0.0,0.0,0.0,-0.0,-0.0,-0.0,-0.0,-0.0,-0.0,-0.0,0.0,0.0
EBM,BLH8,131.69,0.2302505305,0.000759936165362,1.0,-1.0,1.0,-1.0,1.0,11.0,2017-12-07,273.744855711,3.0,1.0,1.0,156566.241,0.841113634452,0.000759936165362,131.69,rates,-1.0,1.0,2017-12-07,1.0,1.0,12.0,12.0,-1.0,-1.0,1.0,0.0,-1.0,1.0,0.0,,1.0,2.0,0.0,,-1.0,2.0,0.0,,-1.0,0,1,-1,1,1,-1,-1,1,1,-1,1,1,1,-1,1,-1.0,0.0,0.0,1.0,-1.0,0.0,1,1,1.0,1,0.0,0.0,-0.0,0.0,-0.0,0.0,0.0,-0.0,-0.0,-0.0,0.0,-0.0,0.0,0.0,-0.0,0.0,0.0,-0.0,0.0,-0.0,0.0,0.0,0.0,0.0,0.0,0.0,-0.0,0.0,-0.0,0.0,0.0,0.0,-0.0,0.0,0.0
EBS,EZH8,111.96,0.0549884635,8.9325591782e-05,1.0,-1.0,1.0,-1.0,1.0,11.0,2017-12-07,65.3757842552,15.0,3.0,3.0,133109.244,0.841113634452,8.9325591782e-05,111.96,rates,-1.0,1.0,2017-12-07,1.0,1.0,12.0,12.0,-1.0,-1.0,1.0,0.0,-1.0,1.0,0.0,,1.0,2.0,0.0,,-1.0,2.0,0.0,,-1.0,0,1,-1,1,1,-1,-1,1,1,-1,1,1,1,-1,1,-1.0,0.0,0.0,1.0,-1.0,0.0,1,1,1.0,1,0.0,0.0,-0.0,0.0,-0.0,0.0,0.0,-0.0,-0.0,-0.0,0.0,-0.0,0.0,0.0,-0.0,0.0,0.0,-0.0,0.0,-0.0,0.0,0.0,0.0,0.0,0.0,0.0,-0.0,0.0,-0.0,0.0,0.0,0.0,-0.0,0.0,0.0
ED,@EDZ8,97.85,0.019201205,0.000255558395093,1.0,-1.0,-1.0,-1.0,1.0,68.0,2017-09-19,48.0030125,20.0,5.0,5.0,244625.0,1.0,0.000255558395093,97.85,rates,-1.0,1.0,2017-09-19,1.0,1.0,69.0,69.0,1.0,-1.0,1.0,0.0,-1.0,1.0,0.0,-1.0,,1.0,0.0,-1.0,,2.0,0.0,-1.0,,0,1,-1,1,1,1,-1,-1,-1,1,1,-1,-1,-1,-1,-1.0,-1.0,-1.0,-1.0,-1.0,1.0,1,-1,0.0,0,0.0,0.0,0.0,-0.0,-0.0,0.0,0.0,-0.0,-0.0,-0.0,-0.0,-0.0,0.0,0.0,0.0,0.0,0.0,-0.0,-0.0,0.0,0.0,-0.0,-0.0,-0.0,0.0,0.0,-0.0,-0.0,-0.0,-0.0,-0.0,-0.0,-0.0,0.0,0.0
EMD,@EMDH8,1909.3,17.029308808,-0.000523477987751,-1.0,1.0,1.0,1.0,-1.0,6.0,2017-12-15,1702.9308808,1.0,1.0,1.0,190930.0,1.0,-0.000523477987751,1909.3,index,1.0,1.0,2017-12-15,-1.0,-1.0,7.0,7.0,1.0,1.0,1.0,1.0,1.0,1.0,1.0,1.0,,1.0,1.0,1.0,,2.0,1.0,1.0,,0,-1,-1,-1,-1,-1,1,-1,-1,1,-1,-1,-1,1,1,1.0,1.0,0.0,-1.0,1.0,0.0,-1,-1,-1.0,-1,-99.9476522012,99.9476522012,-99.9476522012,99.9476522012,-99.9476522012,99.9476522012,-99.9476522012,99.9476522012,-99.9476522012,-99.9476522012,-99.9476522012,-99.9476522012,99.9476522012,99.9476522012,99.9476522012,99.9476522012,99.9476522012,-99.9476522012,99.9476522012,-99.9476522012,99.9476522012,99.9476522012,99.9476522012,99.9476522012,99.9476522012,99.9476522012,-99.9476522012,-99.9476522012,-99.9476522012,-99.9476522012,-0.0,99.9476522012,-99.9476522012,-0.0,99.9476522012
ES,@ESH8,2685.5,18.097573875,-0.00055824339412,-1.0,1.0,-1.0,1.0,-1.0,50.0,2017-10-13,904.87869375,1.0,1.0,1.0,134275.0,1.0,-0.00055824339412,2685.5,index,1.0,1.0,2017-10-13,-1.0,-1.0,51.0,51.0,1.0,1.0,1.0,1.0,1.0,1.0,1.0,-1.0,,1.0,1.0,1.0,,1.0,1.0,1.0,,0,-1,-1,-1,-1,1,1,-1,-1,1,-1,-1,-1,1,-1,1.0,0.0,0.0,-1.0,1.0,0.0,-1,-1,-1.0,-1,-74.9581317454,74.9581317454,-74.9581317454,74.9581317454,-74.9581317454,74.9581317454,-74.9581317454,74.9581317454,-74.9581317454,-74.9581317454,74.9581317454,-74.9581317454,74.9581317454,74.9581317454,-74.9581317454,74.9581317454,74.9581317454,-74.9581317454,74.9581317454,-74.9581317454,74.9581317454,74.9581317454,74.9581317454,74.9581317454,74.9581317454,74.9581317454,-74.9581317454,74.9581317454,-74.9581317454,-0.0,-0.0,74.9581317454,-74.9581317454,-0.0,74.9581317454
FC,@GFH8,141.725,2.6181779955,0.00265298903431,1.0,-1.0,1.0,-1.0,1.0,-8.0,2017-12-13,1309.08899775,1.0,1.0,1.0,70862.5,1.0,0.00265298903431,141.725,meat,1.0,-1.0,2017-12-13,1.0,1.0,-9.0,-9.0,1.0,1.0,1.0,1.0,1.0,1.0,1.0,1.0,,1.0,1.0,-1.0,,1.0,1.0,-1.0,,0,-1,1,1,1,-1,-1,-1,1,-1,1,1,-1,1,1,-1.0,0.0,0.0,-1.0,0.0,1.0,-1,1,1.0,0,187.997435444,187.997435444,187.997435444,-187.997435444,187.997435444,-187.997435444,-187.997435444,187.997435444,187.997435444,-187.997435444,187.997435444,-187.997435444,187.997435444,187.997435444,-187.997435444,187.997435444,187.997435444,-187.997435444,187.997435444,-187.997435444,187.997435444,187.997435444,-187.997435444,187.997435444,187.997435444,0.0,187.997435444,187.997435444,-187.997435444,0.0,0.0,-187.997435444,0.0,187.997435444,-187.997435444
FCH,MTF8,5368.0,53.114244587,0.000932314003356,1.0,1.0,1.0,1.0,1.0,27.0,2017-11-15,631.475253895,1.0,1.0,1.0,63820.152,0.841113634452,0.000932314003356,5368.0,index,1.0,1.0,2017-11-15,1.0,1.0,28.0,28.0,-1.0,1.0,1.0,0.0,1.0,1.0,0.0,,1.0,1.0,0.0,,1.0,1.0,0.0,,1.0,0,-1,-1,-1,-1,-1,-1,1,1,-1,-1,1,-1,1,1,1.0,1.0,0.0,1.0,0.0,0.0,-1,0,-1.0,-1,0.0,0.0,-0.0,0.0,0.0,-0.0,0.0,-0.0,0.0,0.0,0.0,0.0,-0.0,-0.0,-0.0,0.0,0.0,-0.0,0.0,-0.0,-0.0,0.0,-0.0,0.0,-0.0,-0.0,0.0,0.0,0.0,0.0,0.0,0.0,0.0,0.0,-0.0
FDX,DXMH8,13076.5,151.722578471,0.000382511570975,1.0,-1.0,-1.0,-1.0,1.0,-4.0,2017-12-18,901.914867721,1.0,1.0,1.0,77733.25425,0.841113634452,0.000382511570975,13076.5,index,1.0,1.0,2017-12-18,1.0,1.0,-5.0,-5.0,-1.0,1.0,1.0,0.0,1.0,1.0,0.0,,-1.0,2.0,0.0,,-1.0,2.0,0.0,,-1.0,0,-1,-1,1,1,1,-1,1,1,-1,1,1,1,-1,1,1.0,0.0,1.0,1.0,-1.0,1.0,-1,1,1.0,1,0.0,0.0,-0.0,0.0,0.0,-0.0,0.0,-0.0,0.0,-0.0,-0.0,-0.0,0.0,0.0,0.0,0.0,0.0,-0.0,0.0,-0.0,0.0,0.0,0.0,0.0,0.0,0.0,-0.0,0.0,0.0,0.0,0.0,0.0,-0.0,0.0,-0.0
FEI,IEZ8,100.25,0.009744816,0.0,1.0,1.0,-1.0,1.0,1.0,-16.0,2017-11-30,28.964029356,34.0,8.0,8.0,297968.0625,0.841113634452,0.0,100.25,rates,-1.0,1.0,2017-11-30,1.0,1.0,-17.0,-17.0,-1.0,-1.0,1.0,0.0,-1.0,1.0,0.0,,-1.0,1.0,0.0,,1.0,1.0,0.0,,1.0,0,1,-1,-1,-1,1,-1,1,1,-1,-1,1,-1,-1,-1,-1.0,-1.0,-1.0,1.0,-1.0,-1.0,-1,-1,-1.0,-1,0.0,0.0,-0.0,0.0,-0.0,0.0,0.0,-0.0,-0.0,0.0,-0.0,0.0,-0.0,-0.0,0.0,0.0,0.0,-0.0,0.0,-0.0,-0.0,0.0,-0.0,-0.0,-0.0,-0.0,-0.0,-0.0,-0.0,-0.0,-0.0,0.0,-0.0,-0.0,-0.0
FFI,LFH8,7560.0,64.89163666,0.00411741267101,1.0,1.0,-1.0,1.0,1.0,15.0,2017-12-01,869.483039607,1.0,1.0,1.0,101296.44,0.746324352564,0.00411741267101,7560.0,index,1.0,1.0,2017-12-01,1.0,1.0,16.0,16.0,-1.0,1.0,1.0,0.0,1.0,1.0,0.0,,-1.0,2.0,0.0,,1.0,2.0,0.0,,1.0,0,-1,-1,-1,-1,1,-1,1,1,-1,-1,1,-1,-1,1,1.0,0.0,0.0,1.0,0.0,0.0,-1,0,-1.0,-1,0.0,0.0,-0.0,0.0,0.0,-0.0,0.0,-0.0,0.0,0.0,-0.0,0.0,-0.0,-0.0,0.0,0.0,0.0,-0.0,0.0,-0.0,-0.0,0.0,-0.0,0.0,-0.0,-0.0,-0.0,0.0,0.0,0.0,0.0,0.0,0.0,0.0,-0.0
FLG,LGH8,125.34,0.602,0.00593900481541,1.0,-1.0,-1.0,-1.0,-1.0,-4.0,2017-12-18,806.6198,1.0,1.0,1.0,167943.066,0.746324352564,0.00593900481541,125.34,rates,-1.0,1.0,2017-12-18,-1.0,-1.0,-5.0,-5.0,1.0,-1.0,1.0,0.0,-1.0,1.0,0.0,,-1.0,1.0,0.0,,-1.0,1.0,0.0,,-1.0,0,1,-1,1,1,1,1,-1,-1,1,1,-1,1,-1,-1,-1.0,-1.0,0.0,-1.0,0.0,0.0,1,0,1.0,1,0.0,0.0,0.0,-0.0,-0.0,0.0,0.0,-0.0,-0.0,-0.0,-0.0,-0.0,0.0,0.0,0.0,-0.0,-0.0,0.0,-0.0,0.0,0.0,-0.0,0.0,0.0,0.0,0.0,-0.0,-0.0,-0.0,-0.0,0.0,-0.0,0.0,0.0,0.0
FSS,LLM8,99.33,0.011992763,0.000100684655659,1.0,1.0,1.0,-1.0,-1.0,-27.0,2017-11-15,20.0863789296,49.0,12.0,12.0,166365.33375,0.746324352564,0.000100684655659,99.33,rates,-1.0,-1.0,2017-11-15,1.0,1.0,-28.0,-28.0,1.0,-1.0,1.0,0.0,-1.0,1.0,0.0,,1.0,1.0,0.0,,1.0,1.0,0.0,,-1.0,0,1,1,1,-1,-1,1,-1,-1,1,1,-1,-1,1,-1,-1.0,0.0,-1.0,-1.0,1.0,0.0,1,-1,-1.0,0,0.0,0.0,0.0,-0.0,-0.0,0.0,-0.0,0.0,-0.0,0.0,0.0,-0.0,0.0,-0.0,-0.0,-0.0,0.0,0.0,-0.0,0.0,0.0,-0.0,-0.0,-0.0,-0.0,0.0,0.0,-0.0,-0.0,0.0,-0.0,-0.0,0.0,0.0,0.0
FV,@FVH8,116.140625,0.233203125,0.00154955197736,1.0,-1.0,1.0,-1.0,1.0,57.0,2017-10-04,233.203125,4.0,1.0,1.0,116140.625,1.0,0.00154955197736,116.140625,rates,-1.0,1.0,2017-10-04,1.0,1.0,58.0,58.0,1.0,-1.0,1.0,4.0,-1.0,1.0,4.0,1.0,,1.0,4.0,-1.0,,1.0,4.0,-1.0,,0,1,-1,1,1,-1,-1,-1,-1,1,1,-1,-1,-1,-1,-1.0,-1.0,-1.0,-1.0,-1.0,1.0,1,-1,0.0,0,719.863740484,719.863740484,719.863740484,-719.863740484,-719.863740484,719.863740484,719.863740484,-719.863740484,-719.863740484,-719.863740484,719.863740484,-719.863740484,719.863740484,719.863740484,-719.863740484,719.863740484,719.863740484,-719.863740484,-719.863740484,719.863740484,719.863740484,-719.863740484,-719.863740484,-719.863740484,0.0,0.0,-719.863740484,-719.863740484,-719.863740484,-719.863740484,-719.863740484,-719.863740484,-719.863740484,719.863740484,719.863740484
GC,QGCG8,1291.4,10.975,0.00302912621359,1.0,-1.0,-1.0,1.0,1.0,7.0,2017-12-14,1097.5,1.0,1.0,1.0,129140.0,1.0,0.00302912621359,1291.4,metal,-1.0,1.0,2017-12-14,1.0,1.0,8.0,8.0,1.0,-1.0,1.0,1.0,-1.0,1.0,1.0,-1.0,,1.0,1.0,-1.0,,2.0,1.0,1.0,,0,1,-1,-1,1,1,-1,-1,-1,1,1,-1,-1,-1,-1,-1.0,-1.0,-1.0,-1.0,-1.0,0.0,1,-1,-1.0,0,391.181359223,391.181359223,391.181359223,-391.181359223,-391.181359223,391.181359223,391.181359223,-391.181359223,-391.181359223,-391.181359223,-391.181359223,391.181359223,-391.181359223,391.181359223,391.181359223,391.181359223,391.181359223,-391.181359223,-391.181359223,391.181359223,391.181359223,-391.181359223,-391.181359223,-391.181359223,-391.181359223,0.0,-391.181359223,-391.181359223,-391.181359223,-391.181359223,-391.181359223,-391.181359223,-391.181359223,0.0,391.181359223
HCM,HHIF8,11637.0,189.891220852,-0.00368150684932,-1.0,1.0,1.0,1.0,1.0,-9.0,2017-12-11,1215.63057495,1.0,1.0,1.0,74496.8247465,7.8104,-0.00368150684932,11637.0,index,1.0,1.0,2017-12-11,1.0,1.0,-10.0,-10.0,1.0,1.0,1.0,0.0,1.0,2.0,0.0,,1.0,2.0,0.0,,1.0,2.0,0.0,,1.0,0,-1,-1,-1,-1,-1,-1,-1,1,-1,1,1,-1,1,1,-1.0,0.0,-1.0,1.0,1.0,1.0,-1,1,1.0,0,-0.0,0.0,-0.0,0.0,-0.0,0.0,-0.0,0.0,-0.0,-0.0,-0.0,-0.0,0.0,0.0,0.0,-0.0,-0.0,0.0,-0.0,0.0,-0.0,-0.0,0.0,-0.0,-0.0,-0.0,-0.0,-0.0,0.0,-0.0,0.0,-0.0,-0.0,-0.0,0.0
HG,QHGH8,328.4,5.22,0.00106691053193,1.0,1.0,-1.0,1.0,-1.0,17.0,2017-12-05,1305.0,1.0,1.0,1.0,82100.0,1.0,0.00106691053193,328.4,metal,1.0,1.0,2017-12-05,-1.0,-1.0,18.0,18.0,1.0,1.0,1.0,1.0,1.0,1.0,1.0,-1.0,,2.0,1.0,1.0,,2.0,1.0,1.0,,0,-1,-1,-1,-1,1,1,-1,-1,1,-1,-1,-1,1,-1,1.0,0.0,0.0,-1.0,1.0,0.0,-1,-1,-1.0,-1,87.5933546715,87.5933546715,87.5933546715,-87.5933546715,87.5933546715,-87.5933546715,87.5933546715,-87.5933546715,87.5933546715,87.5933546715,-87.5933546715,87.5933546715,-87.5933546715,-87.5933546715,87.5933546715,-87.5933546715,-87.5933546715,87.5933546715,-87.5933546715,87.5933546715,-87.5933546715,-87.5933546715,-87.5933546715,-87.5933546715,-87.5933546715,-87.5933546715,87.5933546715,-87.5933546715,87.5933546715,0.0,0.0,-87.5933546715,87.5933546715,0.0,-87.5933546715
HIC,HSIF8,29719.0,389.078219679,0.00205678063254,1.0,1.0,-1.0,1.0,1.0,3.0,2017-12-06,2490.77012496,1.0,1.0,1.0,190252.739936,7.8104,0.00205678063254,29719.0,index,1.0,1.0,2017-12-06,1.0,1.0,-13.0,-13.0,1.0,1.0,1.0,0.0,1.0,1.0,0.0,,-1.0,2.0,0.0,,1.0,2.0,0.0,,1.0,0,-1,-1,-1,-1,1,-1,-1,1,-1,1,-1,-1,-1,-1,-1.0,-1.0,-1.0,1.0,1.0,1.0,-1,-1,0.0,-1,0.0,0.0,0.0,-0.0,0.0,-0.0,0.0,-0.0,0.0,0.0,-0.0,0.0,-0.0,-0.0,0.0,0.0,0.0,-0.0,0.0,-0.0,0.0,-0.0,-0.0,-0.0,0.0,-0.0,-0.0,-0.0,-0.0,-0.0,-0.0,0.0,0.0,0.0,-0.0
HO,QHOG8,2.0383,0.0405864535,0.000147203140334,1.0,1.0,1.0,1.0,-1.0,11.0,2017-12-08,1704.631047,1.0,1.0,1.0,85608.6,1.0,0.000147203140334,2.0383,energy,1.0,1.0,2017-12-08,-1.0,-1.0,12.0,12.0,1.0,1.0,1.0,1.0,1.0,1.0,1.0,1.0,,2.0,1.0,1.0,,2.0,1.0,1.0,,0,-1,-1,-1,-1,-1,1,-1,-1,1,-1,-1,-1,1,1,1.0,1.0,0.0,-1.0,1.0,0.0,-1,-1,-1.0,-1,12.6018547596,12.6018547596,12.6018547596,-12.6018547596,12.6018547596,-12.6018547596,12.6018547596,-12.6018547596,12.6018547596,12.6018547596,12.6018547596,12.6018547596,-12.6018547596,-12.6018547596,-12.6018547596,-12.6018547596,-12.6018547596,12.6018547596,-12.6018547596,12.6018547596,-12.6018547596,-12.6018547596,-12.6018547596,-12.6018547596,-12.6018547596,-12.6018547596,12.6018547596,12.6018547596,12.6018547596,12.6018547596,0.0,-12.6018547596,12.6018547596,0.0,-12.6018547596
JY,@JYH8,0.8878,0.0049675895,-0.0015183039982,-1.0,-1.0,1.0,-1.0,-1.0,20.0,2017-11-27,620.9486875,1.0,1.0,1.0,110975.0,1.0,-0.0015183039982,0.8878,currency,-1.0,1.0,2017-11-27,-1.0,-1.0,21.0,21.0,1.0,-1.0,1.0,1.0,-1.0,1.0,1.0,1.0,,1.0,1.0,-1.0,,1.0,1.0,-1.0,,0,1,-1,1,1,-1,1,-1,-1,1,1,-1,1,1,-1,-1.0,0.0,0.0,-1.0,0.0,0.0,1,0,1.0,1,-168.4937862,168.4937862,-168.4937862,168.4937862,168.4937862,-168.4937862,-168.4937862,168.4937862,168.4937862,168.4937862,-168.4937862,168.4937862,-168.4937862,-168.4937862,168.4937862,168.4937862,168.4937862,-168.4937862,168.4937862,-168.4937862,-168.4937862,168.4937862,-168.4937862,-0.0,-168.4937862,-168.4937862,-168.4937862,168.4937862,168.4937862,-0.0,-0.0,168.4937862,-0.0,-0.0,-168.4937862
KC,@KCH8,124.5,2.4225,0.018821603928,1.0,1.0,1.0,1.0,1.0,9.0,2017-12-12,908.4375,1.0,1.0,1.0,46687.5,1.0,0.018821603928,124.5,soft,1.0,1.0,2017-12-12,1.0,1.0,10.0,10.0,1.0,1.0,1.0,0.0,1.0,1.0,0.0,1.0,,2.0,0.0,1.0,,2.0,0.0,1.0,,0,-1,-1,-1,-1,-1,-1,-1,1,-1,1,1,-1,1,1,-1.0,0.0,-1.0,1.0,1.0,1.0,-1,1,1.0,0,0.0,0.0,0.0,-0.0,0.0,-0.0,0.0,-0.0,0.0,0.0,0.0,0.0,-0.0,-0.0,-0.0,0.0,0.0,-0.0,0.0,-0.0,0.0,0.0,-0.0,0.0,0.0,0.0,0.0,0.0,-0.0,0.0,-0.0,0.0,0.0,0.0,-0.0
KW,@KWH8,425.5,6.4625,0.0130952380952,1.0,1.0,1.0,-1.0,1.0,-9.0,2017-12-12,323.125,3.0,1.0,1.0,21275.0,1.0,0.0130952380952,425.5,grain,1.0,1.0,2017-12-12,1.0,1.0,-10.0,-10.0,-1.0,1.0,1.0,0.0,1.0,1.0,0.0,1.0,,1.0,0.0,1.0,,2.0,0.0,-1.0,,0,-1,-1,1,-1,-1,-1,1,1,-1,1,1,-1,1,1,1.0,1.0,0.0,1.0,0.0,1.0,-1,1,1.0,0,0.0,0.0,-0.0,0.0,0.0,-0.0,0.0,-0.0,0.0,0.0,0.0,-0.0,0.0,-0.0,-0.0,0.0,0.0,-0.0,0.0,-0.0,0.0,0.0,-0.0,0.0,0.0,0.0,0.0,0.0,0.0,0.0,0.0,0.0,0.0,0.0,-0.0
LB,@LBH8,444.4,7.4890229235,0.0,1.0,-1.0,1.0,-1.0,1.0,20.0,2017-11-27,823.792521585,1.0,1.0,1.0,48884.0,1.0,0.0,444.4,soft,1.0,-1.0,2017-11-27,1.0,1.0,21.0,21.0,1.0,1.0,1.0,0.0,1.0,1.0,0.0,1.0,,1.0,0.0,-1.0,,1.0,0.0,-1.0,,0,-1,1,1,1,-1,-1,-1,1,-1,1,1,-1,1,1,-1.0,0.0,0.0,-1.0,0.0,1.0,-1,1,1.0,0,0.0,0.0,0.0,-0.0,0.0,-0.0,-0.0,0.0,0.0,-0.0,0.0,-0.0,0.0,0.0,-0.0,0.0,0.0,-0.0,0.0,-0.0,0.0,0.0,-0.0,0.0,0.0,0.0,0.0,0.0,-0.0,0.0,0.0,-0.0,0.0,0.0,-0.0
LC,@LEG8,121.0,1.97,-0.0039102696028,-1.0,1.0,1.0,1.0,1.0,20.0,2017-12-11,788.0,1.0,1.0,1.0,48400.0,1.0,-0.0039102696028,121.0,meat,1.0,-1.0,2017-12-11,1.0,1.0,21.0,21.0,1.0,1.0,1.0,1.0,1.0,1.0,1.0,1.0,,2.0,1.0,1.0,,2.0,1.0,1.0,,0,-1,1,-1,-1,-1,-1,-1,1,-1,1,1,-1,1,1,-1.0,0.0,-1.0,1.0,1.0,1.0,-1,1,1.0,0,-189.257048775,189.257048775,-189.257048775,189.257048775,-189.257048775,189.257048775,189.257048775,-189.257048775,-189.257048775,-189.257048775,-189.257048775,-189.257048775,189.257048775,189.257048775,189.257048775,-189.257048775,-189.257048775,189.257048775,-189.257048775,189.257048775,-189.257048775,-189.257048775,189.257048775,-189.257048775,-189.257048775,-0.0,-189.257048775,-189.257048775,189.257048775,-0.0,189.257048775,-189.257048775,-189.257048775,-189.257048775,189.257048775
LCO,EBH8,65.99,1.2664579065,-0.00707192296118,-1.0,1.0,-1.0,1.0,1.0,16.0,2017-12-06,1266.4579065,1.0,1.0,1.0,65990.0,1.0,-0.00707192296118,65.99,energy,1.0,1.0,2017-12-06,1.0,1.0,17.0,17.0,1.0,1.0,1.0,0.0,1.0,1.0,0.0,-1.0,,2.0,0.0,1.0,,2.0,0.0,1.0,,0,-1,-1,-1,-1,1,-1,-1,1,-1,1,-1,-1,-1,-1,-1.0,-1.0,-1.0,1.0,1.0,1.0,-1,-1,0.0,-1,-0.0,0.0,-0.0,0.0,-0.0,0.0,-0.0,0.0,-0.0,-0.0,0.0,-0.0,0.0,0.0,-0.0,-0.0,-0.0,0.0,-0.0,0.0,-0.0,0.0,0.0,0.0,-0.0,0.0,0.0,0.0,0.0,0.0,0.0,-0.0,-0.0,-0.0,0.0
LGO,GASG8,595.5,11.9405316345,-0.00832639467111,-1.0,-1.0,-1.0,-1.0,1.0,32.0,2017-12-06,1194.05316345,1.0,1.0,1.0,59550.0,1.0,-0.00832639467111,595.5,energy,1.0,1.0,2017-12-06,1.0,1.0,33.0,33.0,1.0,1.0,1.0,0.0,1.0,1.0,0.0,-1.0,,2.0,0.0,-1.0,,2.0,0.0,-1.0,,0,-1,-1,1,1,1,-1,-1,1,-1,1,-1,-1,-1,-1,-1.0,-1.0,0.0,-1.0,0.0,1.0,-1,-1,0.0,-1,-0.0,0.0,-0.0,0.0,-0.0,0.0,-0.0,0.0,-0.0,0.0,0.0,0.0,-0.0,-0.0,-0.0,-0.0,-0.0,0.0,-0.0,0.0,-0.0,0.0,0.0,0.0,-0.0,0.0,0.0,0.0,0.0,0.0,-0.0,0.0,-0.0,-0.0,0.0
LH,@HEG8,71.025,1.565,-0.0069905627403,-1.0,1.0,-1.0,1.0,-1.0,9.0,2017-12-12,626.0,1.0,1.0,1.0,28410.0,1.0,-0.0069905627403,71.025,meat,1.0,-1.0,2017-12-12,-1.0,-1.0,10.0,10.0,1.0,1.0,1.0,1.0,1.0,1.0,1.0,-1.0,,2.0,1.0,1.0,,2.0,1.0,1.0,,0,-1,1,-1,-1,1,1,-1,-1,1,-1,-1,-1,1,-1,1.0,0.0,0.0,-1.0,1.0,0.0,-1,-1,-1.0,-1,-198.601887452,198.601887452,-198.601887452,198.601887452,-198.601887452,198.601887452,198.601887452,-198.601887452,-198.601887452,-198.601887452,198.601887452,-198.601887452,198.601887452,198.601887452,-198.601887452,198.601887452,198.601887452,-198.601887452,198.601887452,-198.601887452,198.601887452,198.601887452,198.601887452,198.601887452,198.601887452,198.601887452,-198.601887452,198.601887452,-198.601887452,-0.0,-0.0,198.601887452,-198.601887452,-0.0,198.601887452
LRC,LRCH8,1711.0,29.909638554,-0.000584112149533,-1.0,1.0,1.0,1.0,1.0,8.0,2017-12-12,299.09638554,3.0,1.0,1.0,17110.0,1.0,-0.000584112149533,1711.0,soft,1.0,1.0,2017-12-12,1.0,1.0,9.0,9.0,1.0,1.0,1.0,0.0,1.0,1.0,0.0,,1.0,1.0,0.0,,1.0,1.0,0.0,,1.0,0,-1,-1,-1,-1,-1,-1,-1,1,-1,1,1,-1,1,1,-1.0,0.0,-1.0,1.0,1.0,1.0,-1,1,1.0,0,-0.0,0.0,-0.0,0.0,-0.0,0.0,-0.0,0.0,-0.0,-0.0,-0.0,-0.0,0.0,0.0,0.0,-0.0,-0.0,0.0,-0.0,0.0,-0.0,-0.0,0.0,-0.0,-0.0,-0.0,-0.0,-0.0,0.0,-0.0,0.0,-0.0,-0.0,-0.0,0.0
LSU,QWH8,393.0,6.175,0.0194552529183,1.0,1.0,-1.0,1.0,1.0,5.0,2017-12-15,308.75,3.0,1.0,1.0,19650.0,1.0,0.0194552529183,393.0,soft,1.0,1.0,2017-12-15,1.0,1.0,6.0,6.0,-1.0,1.0,1.0,0.0,1.0,1.0,0.0,,-1.0,2.0,0.0,,1.0,2.0,0.0,,1.0,0,-1,-1,-1,-1,1,-1,1,1,-1,-1,1,-1,-1,1,1.0,0.0,0.0,1.0,0.0,0.0,-1,0,-1.0,-1,0.0,0.0,-0.0,0.0,0.0,-0.0,0.0,-0.0,0.0,0.0,-0.0,0.0,-0.0,-0.0,0.0,0.0,0.0,-0.0,0.0,-0.0,-0.0,0.0,-0.0,0.0,-0.0,-0.0,-0.0,0.0,0.0,0.0,0.0,0.0,0.0,0.0,-0.0
MEM,@MMEH8,1151.0,16.80068388,0.00191504178273,1.0,-1.0,-1.0,1.0,1.0,35.0,2017-12-06,840.034194,1.0,1.0,1.0,57550.0,1.0,0.00191504178273,1151.0,index,1.0,1.0,2017-12-06,1.0,1.0,36.0,36.0,-1.0,1.0,1.0,0.0,1.0,1.0,0.0,-1.0,,1.0,0.0,-1.0,,2.0,0.0,1.0,,0,-1,-1,-1,1,1,-1,1,1,-1,-1,1,1,-1,1,1.0,0.0,1.0,1.0,-1.0,0.0,-1,1,1.0,0,0.0,0.0,-0.0,0.0,0.0,-0.0,0.0,-0.0,0.0,-0.0,-0.0,0.0,-0.0,0.0,0.0,0.0,0.0,-0.0,0.0,-0.0,-0.0,0.0,0.0,0.0,0.0,0.0,-0.0,0.0,0.0,0.0,0.0,0.0,-0.0,0.0,-0.0
MFX,IBF8,10145.0,118.317978816,-0.00160412545639,-1.0,-1.0,1.0,-1.0,-1.0,23.0,2017-11-21,1406.68245014,1.0,1.0,1.0,120613.905,0.841113634452,-0.00160412545639,10145.0,index,1.0,1.0,2017-11-21,-1.0,-1.0,24.0,24.0,-1.0,1.0,1.0,0.0,1.0,1.0,0.0,,1.0,2.0,0.0,,-1.0,2.0,0.0,,-1.0,0,-1,-1,1,1,-1,1,1,1,-1,-1,1,1,1,1,1.0,1.0,1.0,1.0,0.0,0.0,1,1,1.0,1,-0.0,0.0,0.0,-0.0,-0.0,0.0,-0.0,0.0,-0.0,0.0,-0.0,0.0,-0.0,-0.0,0.0,0.0,0.0,-0.0,-0.0,0.0,0.0,-0.0,-0.0,-0.0,-0.0,-0.0,-0.0,-0.0,-0.0,-0.0,-0.0,-0.0,-0.0,-0.0,-0.0
MP,@PXH8,0.04999,0.0004835105,0.0074566706973,1.0,-1.0,1.0,-1.0,1.0,4.0,2017-12-19,241.75525,4.0,1.0,1.0,24995.0,1.0,0.0074566706973,0.04999,currency,1.0,1.0,2017-12-19,1.0,1.0,5.0,5.0,-1.0,1.0,1.0,4.0,1.0,1.0,4.0,1.0,,2.0,4.0,-1.0,,2.0,4.0,-1.0,,0,-1,-1,1,1,-1,-1,1,1,-1,1,1,1,1,1,1.0,1.0,1.0,1.0,-1.0,1.0,-1,1,1.0,1,745.517936316,745.517936316,-745.517936316,745.517936316,745.517936316,-745.517936316,745.517936316,-745.517936316,745.517936316,-745.517936316,745.517936316,-745.517936316,745.517936316,745.517936316,-745.517936316,745.517936316,745.517936316,-745.517936316,745.517936316,-745.517936316,745.517936316,745.517936316,745.517936316,745.517936316,745.517936316,745.517936316,745.517936316,745.517936316,745.517936316,745.517936316,745.517936316,745.517936316,-745.517936316,745.517936316,-745.517936316
MW,@MWH8,621.25,7.5875,0.0167757774141,1.0,-1.0,1.0,-1.0,1.0,17.0,2017-11-30,379.375,2.0,1.0,1.0,31062.5,1.0,0.0167757774141,621.25,grain,1.0,1.0,2017-11-30,1.0,1.0,18.0,18.0,-1.0,1.0,1.0,0.0,1.0,1.0,0.0,1.0,,2.0,0.0,-1.0,,2.0,0.0,-1.0,,0,-1,-1,1,1,-1,-1,1,1,-1,1,1,1,1,1,1.0,1.0,1.0,1.0,-1.0,1.0,-1,1,1.0,1,0.0,0.0,-0.0,0.0,0.0,-0.0,0.0,-0.0,0.0,-0.0,0.0,-0.0,0.0,0.0,-0.0,0.0,0.0,-0.0,0.0,-0.0,0.0,0.0,0.0,0.0,0.0,0.0,0.0,0.0,0.0,0.0,0.0,0.0,-0.0,0.0,-0.0
NE,@NEH8,0.7062,0.0054212525,0.00455192034139,1.0,1.0,-1.0,1.0,1.0,21.0,2017-11-24,542.12525,1.0,1.0,1.0,70620.0,1.0,0.00455192034139,0.7062,currency,1.0,1.0,2017-11-24,1.0,1.0,22.0,22.0,1.0,1.0,1.0,1.0,1.0,1.0,1.0,-1.0,,2.0,1.0,1.0,,2.0,1.0,1.0,,0,-1,-1,-1,-1,1,-1,-1,1,-1,1,-1,-1,-1,-1,-1.0,-1.0,-1.0,1.0,1.0,1.0,-1,-1,0.0,-1,321.456614509,321.456614509,321.456614509,-321.456614509,321.456614509,-321.456614509,321.456614509,-321.456614509,321.456614509,321.456614509,-321.456614509,321.456614509,-321.456614509,-321.456614509,321.456614509,321.456614509,321.456614509,-321.456614509,321.456614509,-321.456614509,321.456614509,-321.456614509,-321.456614509,-321.456614509,0.0,-321.456614509,-321.456614509,-321.456614509,-321.456614509,-321.456614509,-321.456614509,321.456614509,321.456614509,321.456614509,-321.456614509
NG,QNGG8,2.732,0.115370566,0.0293896006029,1.0,1.0,-1.0,1.0,1.0,9.0,2017-12-12,1153.70566,1.0,1.0,1.0,27320.0,1.0,0.0293896006029,2.732,energy,1.0,1.0,2017-12-12,1.0,1.0,10.0,10.0,-1.0,1.0,1.0,1.0,1.0,1.0,1.0,-1.0,,2.0,1.0,1.0,,2.0,1.0,1.0,,0,-1,-1,-1,-1,1,-1,1,1,-1,-1,1,-1,-1,1,1.0,0.0,0.0,1.0,0.0,0.0,-1,0,-1.0,-1,802.92388847,802.92388847,-802.92388847,802.92388847,802.92388847,-802.92388847,802.92388847,-802.92388847,802.92388847,802.92388847,-802.92388847,802.92388847,-802.92388847,-802.92388847,802.92388847,802.92388847,802.92388847,-802.92388847,802.92388847,-802.92388847,-802.92388847,802.92388847,-802.92388847,0.0,-802.92388847,-802.92388847,-802.92388847,802.92388847,802.92388847,0.0,0.0,802.92388847,0.0,0.0,-802.92388847
NIY,@NKDH8,22915.0,274.129672897,0.0019676432007,1.0,-1.0,-1.0,-1.0,-1.0,13.0,2017-12-06,1209.32447899,1.0,1.0,1.0,101089.641786,113.34,0.0019676432007,22915.0,index,1.0,-1.0,2017-12-06,-1.0,-1.0,14.0,14.0,1.0,1.0,1.0,1.0,1.0,1.0,1.0,-1.0,,2.0,1.0,-1.0,,2.0,1.0,-1.0,,0,-1,1,1,1,1,1,-1,-1,1,1,-1,1,1,-1,1.0,0.0,1.0,-1.0,1.0,1.0,1,0,1.0,1,198.908346321,198.908346321,198.908346321,-198.908346321,198.908346321,-198.908346321,-198.908346321,198.908346321,198.908346321,-198.908346321,-198.908346321,-198.908346321,198.908346321,198.908346321,198.908346321,-198.908346321,-198.908346321,198.908346321,-198.908346321,198.908346321,198.908346321,-198.908346321,198.908346321,0.0,198.908346321,198.908346321,198.908346321,-198.908346321,198.908346321,0.0,198.908346321,-198.908346321,198.908346321,198.908346321,198.908346321
NQ,@NQH8,6454.0,64.7542971965,-0.000928792569659,-1.0,1.0,-1.0,1.0,-1.0,-15.0,2017-12-04,1295.08594393,1.0,1.0,1.0,129080.0,1.0,-0.000928792569659,6454.0,index,1.0,1.0,2017-12-04,-1.0,-1.0,-16.0,-16.0,-1.0,1.0,1.0,1.0,1.0,2.0,1.0,-1.0,,1.0,1.0,1.0,,1.0,1.0,1.0,,0,-1,-1,-1,-1,1,1,1,1,-1,-1,1,1,1,1,1.0,1.0,1.0,1.0,1.0,-1.0,-1,1,0.0,0,-119.888544892,119.888544892,119.888544892,-119.888544892,-119.888544892,119.888544892,-119.888544892,119.888544892,-119.888544892,-119.888544892,119.888544892,-119.888544892,119.888544892,119.888544892,-119.888544892,119.888544892,119.888544892,-119.888544892,-119.888544892,119.888544892,119.888544892,-119.888544892,-119.888544892,-119.888544892,-0.0,-0.0,-119.888544892,-119.888544892,-119.888544892,-119.888544892,-119.888544892,-119.888544892,-119.888544892,119.888544892,119.888544892
O,@OH8,242.75,5.8875,-0.00205549845838,-1.0,-1.0,1.0,-1.0,-1.0,11.0,2017-12-08,294.375,3.0,1.0,1.0,12137.5,1.0,-0.00205549845838,242.75,grain,1.0,-1.0,2017-12-08,-1.0,-1.0,12.0,12.0,1.0,1.0,1.0,0.0,1.0,1.0,0.0,1.0,,2.0,0.0,-1.0,,2.0,0.0,-1.0,,0,-1,1,1,1,-1,1,-1,-1,1,1,-1,1,1,1,1.0,1.0,1.0,-1.0,1.0,1.0,1,1,1.0,1,-0.0,0.0,-0.0,0.0,-0.0,0.0,0.0,-0.0,-0.0,0.0,-0.0,0.0,-0.0,-0.0,0.0,0.0,0.0,-0.0,0.0,-0.0,-0.0,0.0,-0.0,-0.0,-0.0,-0.0,-0.0,-0.0,-0.0,-0.0,-0.0,0.0,-0.0,-0.0,-0.0
OJ,@OJH8,132.35,3.28,-0.0112065745237,-1.0,1.0,1.0,-1.0,-1.0,24.0,2017-11-20,492.0,2.0,1.0,1.0,19852.5,1.0,-0.0112065745237,132.35,soft,1.0,1.0,2017-11-20,-1.0,-1.0,25.0,25.0,-1.0,1.0,1.0,0.0,1.0,1.0,0.0,1.0,,1.0,0.0,1.0,,2.0,0.0,-1.0,,0,-1,-1,1,-1,-1,1,1,1,-1,-1,1,1,1,1,1.0,1.0,1.0,1.0,1.0,0.0,-1,1,1.0,0,-0.0,0.0,0.0,-0.0,-0.0,0.0,-0.0,0.0,-0.0,-0.0,-0.0,0.0,-0.0,0.0,0.0,0.0,0.0,-0.0,-0.0,0.0,0.0,-0.0,-0.0,-0.0,-0.0,-0.0,-0.0,-0.0,-0.0,-0.0,-0.0,-0.0,-0.0,-0.0,0.0
PA,QPAH8,1056.35,16.33,0.0133339728524,1.0,1.0,-1.0,1.0,1.0,14.0,2017-12-05,1633.0,1.0,1.0,1.0,105635.0,1.0,0.0133339728524,1056.35,metal,1.0,1.0,2017-12-05,1.0,1.0,15.0,15.0,1.0,1.0,1.0,1.0,1.0,1.0,1.0,-1.0,,2.0,1.0,1.0,,2.0,1.0,1.0,,0,-1,-1,-1,-1,1,-1,-1,1,-1,1,-1,-1,-1,-1,-1.0,-1.0,-1.0,1.0,1.0,1.0,-1,-1,0.0,-1,1408.53422226,1408.53422226,1408.53422226,-1408.53422226,1408.53422226,-1408.53422226,1408.53422226,-1408.53422226,1408.53422226,1408.53422226,-1408.53422226,1408.53422226,-1408.53422226,-1408.53422226,1408.53422226,1408.53422226,1408.53422226,-1408.53422226,1408.53422226,-1408.53422226,1408.53422226,-1408.53422226,-1408.53422226,-1408.53422226,0.0,-1408.53422226,-1408.53422226,-1408.53422226,-1408.53422226,-1408.53422226,-1408.53422226,1408.53422226,1408.53422226,1408.53422226,-1408.53422226
PL,QPLJ8,928.0,13.607830271,0.000539083557952,1.0,-1.0,-1.0,1.0,1.0,8.0,2017-12-13,680.39151355,1.0,1.0,1.0,46400.0,1.0,0.000539083557952,928.0,metal,-1.0,1.0,2017-12-13,1.0,1.0,9.0,9.0,1.0,-1.0,1.0,1.0,-1.0,1.0,1.0,-1.0,,1.0,1.0,-1.0,,2.0,1.0,1.0,,0,1,-1,-1,1,1,-1,-1,-1,1,1,-1,-1,-1,-1,-1.0,-1.0,-1.0,-1.0,-1.0,0.0,1,-1,-1.0,0,25.013477089,25.013477089,25.013477089,-25.013477089,-25.013477089,25.013477089,25.013477089,-25.013477089,-25.013477089,-25.013477089,-25.013477089,25.013477089,-25.013477089,25.013477089,25.013477089,25.013477089,25.013477089,-25.013477089,-25.013477089,25.013477089,25.013477089,-25.013477089,-25.013477089,-25.013477089,-25.013477089,0.0,-25.013477089,-25.013477089,-25.013477089,-25.013477089,-25.013477089,-25.013477089,-25.013477089,0.0,25.013477089
RB,QRBG8,1.7953,0.039946924,0.00139446675591,1.0,1.0,-1.0,1.0,1.0,8.0,2017-12-13,1677.770808,1.0,1.0,1.0,75402.6,1.0,0.00139446675591,1.7953,energy,1.0,1.0,2017-12-13,1.0,1.0,9.0,9.0,1.0,1.0,1.0,1.0,1.0,1.0,1.0,-1.0,,2.0,1.0,1.0,,2.0,1.0,1.0,,0,-1,-1,-1,-1,1,-1,-1,1,-1,1,-1,-1,-1,-1,-1.0,-1.0,-1.0,1.0,1.0,1.0,-1,-1,0.0,-1,105.146419009,105.146419009,105.146419009,-105.146419009,105.146419009,-105.146419009,105.146419009,-105.146419009,105.146419009,105.146419009,-105.146419009,105.146419009,-105.146419009,-105.146419009,105.146419009,105.146419009,105.146419009,-105.146419009,105.146419009,-105.146419009,105.146419009,-105.146419009,-105.146419009,-105.146419009,0.0,-105.146419009,-105.146419009,-105.146419009,-105.146419009,-105.146419009,-105.146419009,105.146419009,105.146419009,105.146419009,-105.146419009
RR,@RRH8,12.08,0.180341016,-0.000413736036409,-1.0,1.0,1.0,-1.0,1.0,17.0,2017-11-30,360.682032,2.0,1.0,1.0,24160.0,1.0,-0.000413736036409,12.08,grain,1.0,-1.0,2017-11-30,1.0,1.0,18.0,18.0,-1.0,1.0,1.0,0.0,1.0,1.0,0.0,1.0,,1.0,0.0,1.0,,1.0,0.0,-1.0,,0,-1,1,1,-1,-1,-1,1,1,-1,1,1,-1,1,1,1.0,1.0,0.0,1.0,0.0,1.0,-1,1,1.0,0,-0.0,0.0,0.0,-0.0,-0.0,0.0,0.0,-0.0,-0.0,-0.0,-0.0,0.0,-0.0,0.0,0.0,-0.0,-0.0,0.0,-0.0,0.0,-0.0,-0.0,0.0,-0.0,-0.0,-0.0,-0.0,-0.0,-0.0,-0.0,-0.0,-0.0,-0.0,-0.0,0.0
RS,@RSH8,492.2,4.43742915,-0.0112494977903,-1.0,1.0,1.0,-1.0,-1.0,16.0,2017-11-30,70.1237223451,14.0,3.0,3.0,7778.1289507,1.2656,-0.0112494977903,492.2,grain,1.0,-1.0,2017-11-30,-1.0,-1.0,17.0,17.0,1.0,1.0,1.0,0.0,1.0,1.0,0.0,,1.0,1.0,0.0,,1.0,1.0,0.0,,-1.0,0,-1,1,1,-1,-1,1,-1,-1,1,1,-1,-1,1,1,1.0,1.0,0.0,-1.0,1.0,1.0,-1,0,0.0,-1,-0.0,0.0,-0.0,0.0,-0.0,0.0,0.0,-0.0,-0.0,-0.0,-0.0,0.0,-0.0,0.0,0.0,0.0,0.0,-0.0,0.0,-0.0,-0.0,0.0,0.0,-0.0,-0.0,0.0,-0.0,-0.0,-0.0,-0.0,-0.0,0.0,-0.0,-0.0,0.0
S,@SH8,967.5,10.8570047225,-0.00309119010819,-1.0,1.0,1.0,-1.0,-1.0,-14.0,2017-12-05,542.850236125,1.0,1.0,1.0,48375.0,1.0,-0.00309119010819,967.5,grain,1.0,-1.0,2017-12-05,-1.0,-1.0,-15.0,-15.0,1.0,1.0,1.0,1.0,1.0,1.0,1.0,1.0,,1.0,1.0,1.0,,1.0,1.0,-1.0,,0,-1,1,1,-1,-1,1,-1,-1,1,1,-1,-1,1,1,1.0,1.0,0.0,-1.0,1.0,1.0,-1,0,0.0,-1,-149.536321484,149.536321484,-149.536321484,149.536321484,-149.536321484,149.536321484,149.536321484,-149.536321484,-149.536321484,-149.536321484,-149.536321484,149.536321484,-149.536321484,149.536321484,149.536321484,149.536321484,149.536321484,-149.536321484,149.536321484,-149.536321484,-149.536321484,149.536321484,149.536321484,-0.0,-0.0,149.536321484,-149.536321484,-149.536321484,-149.536321484,-149.536321484,-0.0,149.536321484,-149.536321484,-149.536321484,149.536321484
SB,@SBH8,14.93,0.3155,0.0156462585034,1.0,1.0,-1.0,1.0,1.0,6.0,2017-12-15,353.36,2.0,1.0,1.0,16721.6,1.0,0.0156462585034,14.93,soft,1.0,1.0,2017-12-15,1.0,1.0,7.0,7.0,1.0,1.0,1.0,0.0,1.0,1.0,0.0,-1.0,,1.0,0.0,1.0,,1.0,0.0,1.0,,0,-1,-1,-1,-1,1,-1,-1,1,-1,1,-1,-1,-1,-1,-1.0,-1.0,-1.0,1.0,1.0,1.0,-1,-1,0.0,-1,0.0,0.0,0.0,-0.0,0.0,-0.0,0.0,-0.0,0.0,0.0,-0.0,0.0,-0.0,-0.0,0.0,0.0,0.0,-0.0,0.0,-0.0,0.0,-0.0,-0.0,-0.0,0.0,-0.0,-0.0,-0.0,-0.0,-0.0,-0.0,0.0,0.0,0.0,-0.0
SF,@SFH8,1.0212,0.0061452335,0.00255252307088,1.0,1.0,1.0,1.0,-1.0,-16.0,2017-12-01,768.1541875,1.0,1.0,1.0,127650.0,1.0,0.00255252307088,1.0212,currency,1.0,1.0,2017-12-01,-1.0,-1.0,-17.0,-17.0,1.0,1.0,1.0,1.0,1.0,1.0,1.0,1.0,,1.0,1.0,1.0,,1.0,1.0,1.0,,0,-1,-1,-1,-1,-1,1,-1,-1,1,-1,-1,-1,1,1,1.0,1.0,0.0,-1.0,1.0,0.0,-1,-1,-1.0,-1,325.829569998,325.829569998,325.829569998,-325.829569998,325.829569998,-325.829569998,325.829569998,-325.829569998,325.829569998,325.829569998,325.829569998,325.829569998,-325.829569998,-325.829569998,-325.829569998,-325.829569998,-325.829569998,325.829569998,-325.829569998,325.829569998,-325.829569998,-325.829569998,-325.829569998,-325.829569998,-325.829569998,-325.829569998,325.829569998,325.829569998,325.829569998,325.829569998,0.0,-325.829569998,325.829569998,0.0,-325.829569998
SI,QSIH8,1675.6,24.01,0.00915442062154,1.0,-1.0,-1.0,1.0,1.0,7.0,2017-12-14,1200.5,1.0,1.0,1.0,83780.0,1.0,0.00915442062154,1675.6,metal,-1.0,1.0,2017-12-14,1.0,1.0,8.0,8.0,1.0,-1.0,1.0,1.0,-1.0,1.0,1.0,-1.0,,1.0,1.0,-1.0,,2.0,1.0,1.0,,0,1,-1,-1,1,1,-1,-1,-1,1,1,-1,-1,-1,-1,-1.0,-1.0,-1.0,-1.0,-1.0,0.0,1,-1,-1.0,0,766.957359672,766.957359672,766.957359672,-766.957359672,-766.957359672,766.957359672,766.957359672,-766.957359672,-766.957359672,-766.957359672,-766.957359672,766.957359672,-766.957359672,766.957359672,766.957359672,766.957359672,766.957359672,-766.957359672,-766.957359672,766.957359672,766.957359672,-766.957359672,-766.957359672,-766.957359672,-766.957359672,0.0,-766.957359672,-766.957359672,-766.957359672,-766.957359672,-766.957359672,-766.957359672,-766.957359672,0.0,766.957359672
SIN,INF8,10528.0,124.815155079,-0.00336062857954,-1.0,-1.0,1.0,-1.0,-1.0,6.0,2017-12-18,249.630310158,4.0,1.0,1.0,21056.0,1.0,-0.00336062857954,10528.0,index,1.0,1.0,2017-12-18,-1.0,-1.0,7.0,7.0,-1.0,1.0,1.0,0.0,1.0,1.0,0.0,1.0,,2.0,0.0,-1.0,,2.0,0.0,-1.0,,0,-1,-1,1,1,-1,1,1,1,-1,-1,1,1,1,1,1.0,1.0,1.0,1.0,0.0,0.0,1,1,1.0,1,-0.0,0.0,0.0,-0.0,-0.0,0.0,-0.0,0.0,-0.0,0.0,-0.0,0.0,-0.0,-0.0,0.0,0.0,0.0,-0.0,-0.0,0.0,0.0,-0.0,-0.0,-0.0,-0.0,-0.0,-0.0,-0.0,-0.0,-0.0,-0.0,-0.0,-0.0,-0.0,-0.0
SJB,BBH8,150.68,0.135985293,-0.000663217933413,-1.0,-1.0,-1.0,-1.0,1.0,7.0,2017-12-15,119.97996559,8.0,2.0,2.0,132945.120875,113.34,-0.000663217933413,150.68,rates,-1.0,1.0,2017-12-15,-1.0,-1.0,8.0,8.0,-1.0,-1.0,1.0,0.0,-1.0,1.0,0.0,-1.0,,1.0,0.0,-1.0,,2.0,0.0,-1.0,,0,1,-1,1,1,1,-1,1,1,-1,1,1,1,-1,-1,-1.0,-1.0,0.0,1.0,-1.0,0.0,1,1,1.0,1,-0.0,0.0,0.0,-0.0,0.0,-0.0,-0.0,0.0,0.0,0.0,0.0,0.0,-0.0,-0.0,-0.0,-0.0,0.0,0.0,-0.0,0.0,-0.0,-0.0,-0.0,-0.0,-0.0,-0.0,0.0,0.0,0.0,0.0,-0.0,-0.0,0.0,-0.0,-0.0
SM,@SMH8,318.5,5.610724748,-0.00281778334377,-1.0,-1.0,1.0,-1.0,-1.0,-14.0,2017-12-05,561.0724748,1.0,1.0,1.0,31850.0,1.0,-0.00281778334377,318.5,grain,1.0,-1.0,2017-12-05,-1.0,-1.0,-15.0,-15.0,1.0,1.0,1.0,1.0,1.0,1.0,1.0,1.0,,1.0,1.0,-1.0,,1.0,1.0,-1.0,,0,-1,1,1,1,-1,1,-1,-1,1,1,-1,1,1,1,1.0,1.0,1.0,-1.0,1.0,1.0,1,1,1.0,1,-89.7463994991,89.7463994991,-89.7463994991,89.7463994991,-89.7463994991,89.7463994991,89.7463994991,-89.7463994991,-89.7463994991,89.7463994991,-89.7463994991,89.7463994991,-89.7463994991,-89.7463994991,89.7463994991,89.7463994991,89.7463994991,-89.7463994991,89.7463994991,-89.7463994991,-89.7463994991,89.7463994991,-89.7463994991,-89.7463994991,-89.7463994991,-89.7463994991,-89.7463994991,-89.7463994991,-89.7463994991,-89.7463994991,-89.7463994991,89.7463994991,-89.7463994991,-89.7463994991,-89.7463994991
SMI,SWH8,9352.0,78.703594351,0.00526711813394,1.0,1.0,-1.0,1.0,-1.0,27.0,2017-11-15,797.806328951,1.0,1.0,1.0,94799.7972631,0.9865,0.00526711813394,9352.0,index,1.0,1.0,2017-11-15,-1.0,-1.0,28.0,28.0,-1.0,1.0,1.0,0.0,1.0,1.0,0.0,,-1.0,2.0,0.0,,1.0,2.0,0.0,,1.0,0,-1,-1,-1,-1,1,1,1,1,-1,-1,1,1,1,1,1.0,1.0,1.0,1.0,1.0,-1.0,-1,1,0.0,0,0.0,0.0,-0.0,0.0,0.0,-0.0,0.0,-0.0,0.0,0.0,-0.0,0.0,-0.0,-0.0,0.0,-0.0,-0.0,0.0,0.0,-0.0,-0.0,0.0,0.0,0.0,0.0,0.0,0.0,0.0,0.0,0.0,0.0,0.0,0.0,-0.0,-0.0
SSG,SSF8,387.15,3.5737846105,0.00532329265126,1.0,-1.0,1.0,-1.0,-1.0,-9.0,2017-12-13,533.480312062,1.0,1.0,1.0,57792.2077922,1.3398,0.00532329265126,387.15,index,1.0,-1.0,2017-12-13,1.0,1.0,-10.0,-10.0,-1.0,1.0,1.0,0.0,1.0,1.0,0.0,1.0,,2.0,0.0,-1.0,,2.0,0.0,-1.0,,0,-1,1,1,1,-1,1,1,1,-1,-1,1,1,1,1,1.0,1.0,1.0,1.0,0.0,0.0,1,1,1.0,1,0.0,0.0,-0.0,0.0,0.0,-0.0,-0.0,0.0,0.0,-0.0,0.0,-0.0,0.0,0.0,-0.0,-0.0,0.0,0.0,0.0,-0.0,-0.0,0.0,0.0,0.0,0.0,0.0,0.0,0.0,0.0,0.0,0.0,0.0,0.0,0.0,0.0
STW,TWF8,386.3,4.258202824,0.00337662337662,1.0,1.0,-1.0,1.0,-1.0,5.0,2017-12-19,425.8202824,2.0,1.0,1.0,38630.0,1.0,0.00337662337662,386.3,index,1.0,1.0,2017-12-19,-1.0,-1.0,6.0,6.0,-1.0,1.0,1.0,0.0,1.0,1.0,0.0,-1.0,,2.0,0.0,1.0,,2.0,0.0,1.0,,0,-1,-1,-1,-1,1,1,1,1,-1,-1,1,1,1,1,1.0,1.0,1.0,1.0,1.0,-1.0,-1,1,0.0,0,0.0,0.0,-0.0,0.0,0.0,-0.0,0.0,-0.0,0.0,0.0,-0.0,0.0,-0.0,-0.0,0.0,-0.0,-0.0,0.0,0.0,-0.0,-0.0,0.0,0.0,0.0,0.0,0.0,0.0,0.0,0.0,0.0,0.0,0.0,0.0,-0.0,-0.0
SXE,EXH8,3541.0,37.1820355955,0.0,1.0,-1.0,1.0,-1.0,1.0,15.0,2017-12-01,442.057221195,2.0,1.0,1.0,42098.949,0.841113634452,0.0,3541.0,index,1.0,1.0,2017-12-18,1.0,1.0,-5.0,-5.0,-1.0,1.0,1.0,0.0,1.0,1.0,0.0,,1.0,2.0,0.0,,-1.0,2.0,0.0,,-1.0,0,-1,-1,1,1,-1,-1,1,1,-1,1,1,1,1,1,1.0,1.0,1.0,1.0,-1.0,1.0,-1,1,1.0,1,0.0,0.0,-0.0,0.0,0.0,-0.0,0.0,-0.0,0.0,-0.0,0.0,-0.0,0.0,0.0,-0.0,0.0,0.0,-0.0,0.0,-0.0,0.0,0.0,0.0,0.0,0.0,0.0,0.0,0.0,0.0,0.0,0.0,0.0,-0.0,0.0,-0.0
TF,@TFSH8,1545.7,18.5440455775,-0.00135676443985,-1.0,1.0,1.0,1.0,1.0,7.0,2017-12-14,1854.40455775,1.0,1.0,1.0,154570.0,1.0,-0.00135676443985,1545.7,index,1.0,1.0,2017-12-14,1.0,1.0,8.0,8.0,1.0,1.0,1.0,0.0,1.0,1.0,0.0,1.0,,1.0,0.0,1.0,,1.0,0.0,1.0,,0,-1,-1,-1,-1,-1,-1,-1,1,-1,1,1,-1,1,1,-1.0,0.0,-1.0,1.0,1.0,1.0,-1,1,1.0,0,-0.0,0.0,-0.0,0.0,-0.0,0.0,-0.0,0.0,-0.0,-0.0,-0.0,-0.0,0.0,0.0,0.0,-0.0,-0.0,0.0,-0.0,0.0,-0.0,-0.0,0.0,-0.0,-0.0,-0.0,-0.0,-0.0,0.0,-0.0,0.0,-0.0,-0.0,-0.0,0.0
TU,@TUH8,107.0546875,0.0765625,0.000511098130841,1.0,1.0,1.0,-1.0,-1.0,68.0,2017-09-19,153.125,6.0,1.0,1.0,214109.375,1.0,0.000511098130841,107.0546875,rates,-1.0,1.0,2017-09-19,-1.0,-1.0,69.0,69.0,1.0,-1.0,1.0,6.0,-1.0,1.0,6.0,1.0,,1.0,6.0,1.0,,2.0,6.0,-1.0,,0,1,-1,1,-1,-1,1,-1,-1,1,1,-1,-1,1,-1,-1.0,0.0,-1.0,-1.0,1.0,0.0,1,-1,-1.0,0,656.585408148,656.585408148,656.585408148,-656.585408148,-656.585408148,656.585408148,656.585408148,-656.585408148,-656.585408148,656.585408148,656.585408148,-656.585408148,656.585408148,-656.585408148,-656.585408148,-656.585408148,-656.585408148,656.585408148,-656.585408148,656.585408148,656.585408148,-656.585408148,-656.585408148,-656.585408148,-656.585408148,0.0,656.585408148,-656.585408148,-656.585408148,0.0,-656.585408148,-656.585408148,656.585408148,0.0,656.585408148
TY,@TYH8,123.984375,0.39453125,0.00290697674419,1.0,1.0,1.0,1.0,-1.0,33.0,2017-11-07,394.53125,2.0,1.0,1.0,123984.375,1.0,0.00290697674419,123.984375,rates,-1.0,1.0,2017-11-07,-1.0,-1.0,34.0,34.0,1.0,-1.0,1.0,2.0,-1.0,1.0,2.0,1.0,,2.0,2.0,1.0,,2.0,2.0,1.0,,0,1,-1,-1,-1,-1,1,-1,-1,1,-1,-1,-1,1,-1,-1.0,0.0,-1.0,-1.0,1.0,-1.0,1,-1,-1.0,-1,720.839389535,720.839389535,720.839389535,-720.839389535,-720.839389535,720.839389535,720.839389535,-720.839389535,-720.839389535,720.839389535,720.839389535,720.839389535,-720.839389535,-720.839389535,-720.839389535,-720.839389535,-720.839389535,720.839389535,-720.839389535,720.839389535,-720.839389535,-720.839389535,-720.839389535,-720.839389535,-720.839389535,-720.839389535,720.839389535,-720.839389535,-720.839389535,0.0,-720.839389535,-720.839389535,720.839389535,-720.839389535,720.839389535
US,@USH8,152.9375,1.159375,0.00865622423743,1.0,-1.0,-1.0,-1.0,-1.0,6.0,2017-12-15,1159.375,1.0,1.0,1.0,152937.5,1.0,0.00865622423743,152.9375,rates,-1.0,1.0,2017-12-20,-1.0,-1.0,-4.0,-4.0,1.0,-1.0,1.0,1.0,-1.0,1.0,1.0,-1.0,,1.0,1.0,-1.0,,1.0,1.0,-1.0,,0,1,-1,1,1,1,1,-1,-1,1,1,-1,1,-1,-1,-1.0,-1.0,0.0,-1.0,0.0,0.0,1,0,1.0,1,1323.86129431,1323.86129431,1323.86129431,-1323.86129431,-1323.86129431,1323.86129431,1323.86129431,-1323.86129431,-1323.86129431,-1323.86129431,-1323.86129431,-1323.86129431,1323.86129431,1323.86129431,1323.86129431,-1323.86129431,-1323.86129431,1323.86129431,-1323.86129431,1323.86129431,1323.86129431,-1323.86129431,1323.86129431,0.0,1323.86129431,1323.86129431,-1323.86129431,-1323.86129431,-1323.86129431,-1323.86129431,0.0,-1323.86129431,0.0,0.0,1323.86129431
VX,@VXF8,11.325,0.513933333,0.0,1.0,-1.0,-1.0,-1.0,1.0,9.0,2017-12-12,513.933333,1.0,1.0,1.0,11325.0,1.0,0.0,11.325,index,-1.0,-1.0,2017-12-12,1.0,1.0,10.0,10.0,-1.0,-1.0,1.0,0.0,-1.0,1.0,0.0,-1.0,,1.0,0.0,-1.0,,2.0,0.0,-1.0,,0,1,1,1,1,1,-1,1,1,-1,1,1,1,-1,-1,-1.0,-1.0,0.0,1.0,-1.0,0.0,1,1,1.0,1,0.0,0.0,-0.0,0.0,-0.0,0.0,-0.0,0.0,-0.0,-0.0,-0.0,-0.0,0.0,0.0,0.0,0.0,0.0,-0.0,0.0,-0.0,0.0,0.0,0.0,0.0,0.0,0.0,-0.0,-0.0,-0.0,-0.0,0.0,0.0,-0.0,0.0,0.0
W,@WH8,428.0,6.3875,0.0136175251628,1.0,1.0,1.0,1.0,1.0,9.0,2017-12-12,319.375,3.0,1.0,1.0,21400.0,1.0,0.0136175251628,428.0,grain,1.0,1.0,2017-12-12,1.0,1.0,10.0,10.0,-1.0,1.0,1.0,3.0,1.0,1.0,3.0,1.0,,1.0,3.0,1.0,,1.0,3.0,1.0,,0,-1,-1,-1,-1,-1,-1,1,1,-1,-1,1,-1,1,1,1.0,1.0,0.0,1.0,0.0,0.0,-1,0,-1.0,-1,874.245115453,874.245115453,-874.245115453,874.245115453,874.245115453,-874.245115453,874.245115453,-874.245115453,874.245115453,874.245115453,874.245115453,874.245115453,-874.245115453,-874.245115453,-874.245115453,874.245115453,874.245115453,-874.245115453,874.245115453,-874.245115453,-874.245115453,874.245115453,-874.245115453,0.0,-874.245115453,-874.245115453,874.245115453,874.245115453,874.245115453,874.245115453,0.0,874.245115453,0.0,0.0,-874.245115453
YA,APH8,6022.0,43.5801440155,-0.000663790242283,-1.0,1.0,-1.0,1.0,1.0,7.0,2017-12-13,846.762198221,1.0,1.0,1.0,117007.46,1.28667009779,-0.000663790242283,6022.0,index,1.0,-1.0,2017-12-13,1.0,1.0,8.0,8.0,1.0,1.0,1.0,0.0,1.0,1.0,0.0,,-1.0,2.0,0.0,,1.0,2.0,0.0,,1.0,0,-1,1,-1,-1,1,-1,-1,1,-1,1,-1,-1,-1,-1,-1.0,-1.0,-1.0,1.0,1.0,1.0,-1,-1,0.0,-1,-0.0,0.0,-0.0,0.0,-0.0,0.0,0.0,-0.0,-0.0,-0.0,0.0,-0.0,0.0,0.0,-0.0,-0.0,-0.0,0.0,-0.0,0.0,-0.0,0.0,0.0,0.0,-0.0,0.0,0.0,0.0,0.0,0.0,0.0,-0.0,-0.0,-0.0,0.0
YB,HBSU8,98.05,0.0199705775,-0.000101978380583,-1.0,-1.0,1.0,-1.0,-1.0,11.0,2017-12-07,37.2507187992,26.0,6.0,6.0,182890.704,1.28667009779,-0.000101978380583,98.05,rates,-1.0,1.0,2017-12-07,-1.0,-1.0,12.0,12.0,1.0,-1.0,1.0,0.0,-1.0,1.0,0.0,,1.0,1.0,0.0,,-1.0,1.0,0.0,,-1.0,0,1,-1,1,1,-1,1,-1,-1,1,1,-1,1,1,-1,-1.0,0.0,0.0,-1.0,0.0,0.0,1,0,1.0,1,-0.0,0.0,-0.0,0.0,0.0,-0.0,-0.0,0.0,0.0,0.0,-0.0,0.0,-0.0,-0.0,0.0,0.0,0.0,-0.0,0.0,-0.0,-0.0,0.0,-0.0,-0.0,-0.0,-0.0,-0.0,0.0,0.0,-0.0,-0.0,0.0,-0.0,-0.0,-0.0
YM,@YMH8,24788.0,180.517234771,-0.000161342368506,-1.0,-1.0,-1.0,1.0,-1.0,65.0,2017-09-22,902.586173855,1.0,1.0,1.0,123940.0,1.0,-0.000161342368506,24788.0,index,1.0,1.0,2017-09-22,-1.0,-1.0,66.0,66.0,1.0,1.0,1.0,1.0,1.0,1.0,1.0,-1.0,,1.0,1.0,-1.0,,2.0,1.0,1.0,,0,-1,-1,-1,1,1,1,-1,-1,1,-1,-1,1,1,-1,1.0,0.0,1.0,-1.0,1.0,0.0,1,-1,-1.0,0,-19.9967731526,19.9967731526,-19.9967731526,19.9967731526,-19.9967731526,19.9967731526,-19.9967731526,19.9967731526,-19.9967731526,19.9967731526,19.9967731526,-19.9967731526,19.9967731526,-19.9967731526,-19.9967731526,19.9967731526,19.9967731526,-19.9967731526,19.9967731526,-19.9967731526,19.9967731526,19.9967731526,-19.9967731526,19.9967731526,19.9967731526,-0.0,-19.9967731526,19.9967731526,-19.9967731526,-0.0,-19.9967731526,19.9967731526,-19.9967731526,-0.0,-19.9967731526
YT2,HTSH8,97.8,0.0502525245,-5.11221307705e-05,-1.0,-1.0,-1.0,-1.0,-1.0,11.0,2017-12-07,109.357533716,9.0,2.0,2.0,212828.448,1.28667009779,-5.11221307705e-05,97.8,rates,-1.0,1.0,2017-12-07,-1.0,-1.0,12.0,12.0,-1.0,-1.0,1.0,0.0,-1.0,1.0,0.0,,-1.0,1.0,0.0,,-1.0,2.0,0.0,,-1.0,0,1,-1,1,1,1,1,1,-1,1,-1,-1,1,-1,-1,1.0,0.0,1.0,-1.0,-1.0,-1.0,1,-1,-1.0,0,-0.0,0.0,0.0,-0.0,0.0,-0.0,-0.0,0.0,0.0,0.0,0.0,0.0,-0.0,-0.0,-0.0,0.0,0.0,-0.0,0.0,-0.0,0.0,0.0,-0.0,0.0,0.0,-0.0,0.0,0.0,-0.0,-0.0,-0.0,0.0,0.0,0.0,-0.0
YT3,HXSH8,97.28,0.0583735185,0.000205634382069,1.0,-1.0,1.0,-1.0,-1.0,15.0,2017-12-01,362.943188626,2.0,1.0,1.0,604848.128,1.28667009779,0.000205634382069,97.28,rates,-1.0,1.0,2017-12-01,-1.0,-1.0,16.0,16.0,-1.0,-1.0,1.0,0.0,-1.0,1.0,0.0,,1.0,2.0,0.0,,-1.0,2.0,0.0,,-1.0,0,1,-1,1,1,-1,1,1,-1,1,-1,1,1,1,1,1.0,1.0,1.0,-1.0,-1.0,-1.0,1,1,0.0,1,0.0,0.0,-0.0,0.0,-0.0,0.0,0.0,-0.0,-0.0,-0.0,0.0,-0.0,0.0,0.0,-0.0,-0.0,-0.0,0.0,-0.0,0.0,-0.0,0.0,0.0,0.0,0.0,0.0,0.0,0.0,0.0,0.0,0.0,-0.0,-0.0,-0.0,0.0
